device_id,timestamp,temperature,humidity
A100,2024-04-01 00:00:00,25.09,53.15
B200,2024-04-01 00:00:00,25.46,50.97
C300,2024-04-01 00:00:00,25.02,63.43
D400,2024-04-01 00:00:00,23.57,49.09
A100,2024-04-01 00:10:00,21.33,45.88
B200,2024-04-01 00:10:00,24.56,51.84
C300,2024-04-01 00:10:00,23.72,53.26
D400,2024-04-01 00:10:00,23.0,62.43
A100,2024-04-01 00:20:00,24.38,53.37
B200,2024-04-01 00:20:00,24.4,46.99
C300,2024-04-01 00:20:00,22.73,44.27
D400,2024-04-01 00:20:00,19.69,54.75
A100,2024-04-01 00:30:00,22.48,49.68
B200,2024-04-01 00:30:00,27.83,55.84
C300,2024-04-01 00:30:00,24.37,48.95
D400,2024-04-01 00:30:00,23.62,61.01
A100,2024-04-01 00:40:00,24.43,64.96
B200,2024-04-01 00:40:00,20.75,50.23
C300,2024-04-01 00:40:00,26.91,55.4
D400,2024-04-01 00:40:00,25.58,46.95
A100,2024-04-01 00:50:00,20.72,49.11
B200,2024-04-01 00:50:00,26.61,58.5
C300,2024-04-01 00:50:00,24.28,49.51
D400,2024-04-01 00:50:00,24.52,51.1
A100,2024-04-01 01:00:00,26.97,48.16
B200,2024-04-01 01:00:00,23.7,52.31
C300,2024-04-01 01:00:00,22.42,45.4
D400,2024-04-01 01:00:00,27.51,49.88
A100,2024-04-01 01:10:00,26.23,53.45
B200,2024-04-01 01:10:00,20.56,46.74
C300,2024-04-01 01:10:00,24.16,48.8
D400,2024-04-01 01:10:00,24.61,50.93
A100,2024-04-01 01:20:00,25.96,49.78
B200,2024-04-01 01:20:00,24.17,42.81
C300,2024-04-01 01:20:00,22.5,47.24
D400,2024-04-01 01:20:00,22.89,48.14
A100,2024-04-01 01:30:00,25.5,58.86
B200,2024-04-01 01:30:00,20.63,49.0
C300,2024-04-01 01:30:00,21.83,43.31
D400,2024-04-01 01:30:00,22.68,44.74
A100,2024-04-01 01:40:00,24.58,49.19
B200,2024-04-01 01:40:00,23.25,51.54
C300,2024-04-01 01:40:00,20.42,44.94
D400,2024-04-01 01:40:00,24.89,44.88
A100,2024-04-01 01:50:00,18.9,58.01
B200,2024-04-01 01:50:00,24.86,55.08
C300,2024-04-01 01:50:00,22.19,43.09
D400,2024-04-01 01:50:00,24.72,44.49
A100,2024-04-01 02:00:00,26.55,51.19
B200,2024-04-01 02:00:00,24.49,51.03
C300,2024-04-01 02:00:00,29.08,53.27
D400,2024-04-01 02:00:00,23.49,50.68
A100,2024-04-01 02:10:00,21.83,47.38
B200,2024-04-01 02:10:00,27.13,50.21
C300,2024-04-01 02:10:00,25.91,45.55
D400,2024-04-01 02:10:00,26.12,49.01
A100,2024-04-01 02:20:00,24.57,50.3
B200,2024-04-01 02:20:00,24.46,49.45
C300,2024-04-01 02:20:00,27.21,42.47
D400,2024-04-01 02:20:00,25.33,46.66
A100,2024-04-01 02:30:00,21.61,60.69
B200,2024-04-01 02:30:00,21.62,40.91
C300,2024-04-01 02:30:00,26.39,47.53
D400,2024-04-01 02:30:00,27.19,38.74
A100,2024-04-01 02:40:00,28.63,54.72
B200,2024-04-01 02:40:00,23.48,41.34
C300,2024-04-01 02:40:00,20.67,46.54
D400,2024-04-01 02:40:00,25.78,45.69
A100,2024-04-01 02:50:00,18.87,51.14
B200,2024-04-01 02:50:00,26.49,60.99
C300,2024-04-01 02:50:00,21.44,45.4
D400,2024-04-01 02:50:00,16.52,42.26
A100,2024-04-01 03:00:00,21.33,45.53
B200,2024-04-01 03:00:00,22.67,52.96
C300,2024-04-01 03:00:00,25.28,47.43
D400,2024-04-01 03:00:00,24.04,43.21
A100,2024-04-01 03:10:00,22.59,43.54
B200,2024-04-01 03:10:00,22.15,59.28
C300,2024-04-01 03:10:00,24.36,47.03
D400,2024-04-01 03:10:00,25.19,48.03
A100,2024-04-01 03:20:00,28.21,51.76
B200,2024-04-01 03:20:00,21.1,56.6
C300,2024-04-01 03:20:00,25.55,52.34
D400,2024-04-01 03:20:00,26.07,53.64
A100,2024-04-01 03:30:00,25.28,49.19
B200,2024-04-01 03:30:00,26.27,49.14
C300,2024-04-01 03:30:00,27.32,52.49
D400,2024-04-01 03:30:00,24.47,53.16
A100,2024-04-01 03:40:00,24.4,56.37
B200,2024-04-01 03:40:00,26.37,50.36
C300,2024-04-01 03:40:00,15.85,54.32
D400,2024-04-01 03:40:00,25.04,62.14
A100,2024-04-01 03:50:00,20.75,48.91
B200,2024-04-01 03:50:00,20.13,46.36
C300,2024-04-01 03:50:00,27.89,41.68
D400,2024-04-01 03:50:00,20.52,52.9
A100,2024-04-01 04:00:00,24.48,48.35
B200,2024-04-01 04:00:00,17.58,56.33
C300,2024-04-01 04:00:00,23.41,44.9
D400,2024-04-01 04:00:00,24.8,56.28
A100,2024-04-01 04:10:00,23.33,46.75
B200,2024-04-01 04:10:00,24.09,51.91
C300,2024-04-01 04:10:00,25.19,48.77
D400,2024-04-01 04:10:00,27.08,45.61
A100,2024-04-01 04:20:00,23.57,49.11
B200,2024-04-01 04:20:00,20.15,51.82
C300,2024-04-01 04:20:00,24.23,49.05
D400,2024-04-01 04:20:00,25.26,49.03
A100,2024-04-01 04:30:00,27.53,52.35
B200,2024-04-01 04:30:00,24.94,46.63
C300,2024-04-01 04:30:00,19.28,54.01
D400,2024-04-01 04:30:00,19.28,48.66
A100,2024-04-01 04:40:00,26.2,45.66
B200,2024-04-01 04:40:00,22.85,43.03
C300,2024-04-01 04:40:00,21.7,46.02
D400,2024-04-01 04:40:00,22.84,50.65
A100,2024-04-01 04:50:00,24.58,57.23
B200,2024-04-01 04:50:00,22.78,52.78
C300,2024-04-01 04:50:00,22.41,58.38
D400,2024-04-01 04:50:00,24.31,48.96
A100,2024-04-01 05:00:00,22.02,54.53
B200,2024-04-01 05:00:00,24.32,51.02
C300,2024-04-01 05:00:00,21.36,46.09
D400,2024-04-01 05:00:00,19.6,47.45
A100,2024-04-01 05:10:00,22.8,43.28
B200,2024-04-01 05:10:00,23.82,48.26
C300,2024-04-01 05:10:00,22.19,45.71
D400,2024-04-01 05:10:00,24.41,46.11
A100,2024-04-01 05:20:00,28.11,49.08
B200,2024-04-01 05:20:00,26.3,44.27
C300,2024-04-01 05:20:00,23.59,45.23
D400,2024-04-01 05:20:00,25.07,49.69
A100,2024-04-01 05:30:00,28.95,48.11
B200,2024-04-01 05:30:00,19.6,49.7
C300,2024-04-01 05:30:00,24.49,46.87
D400,2024-04-01 05:30:00,22.11,44.01
A100,2024-04-01 05:40:00,25.2,52.96
B200,2024-04-01 05:40:00,30.08,49.17
C300,2024-04-01 05:40:00,24.38,48.79
D400,2024-04-01 05:40:00,30.77,53.09
A100,2024-04-01 05:50:00,24.01,60.51
B200,2024-04-01 05:50:00,23.85,67.71
C300,2024-04-01 05:50:00,28.16,49.89
D400,2024-04-01 05:50:00,25.28,50.63
A100,2024-04-01 06:00:00,25.89,47.1
B200,2024-04-01 06:00:00,29.24,46.74
C300,2024-04-01 06:00:00,24.64,51.84
D400,2024-04-01 06:00:00,23.21,43.55
A100,2024-04-01 06:10:00,24.6,51.24
B200,2024-04-01 06:10:00,23.18,48.55
C300,2024-04-01 06:10:00,24.39,56.23
D400,2024-04-01 06:10:00,26.94,52.41
A100,2024-04-01 06:20:00,22.93,48.3
B200,2024-04-01 06:20:00,23.39,47.75
C300,2024-04-01 06:20:00,21.25,46.1
D400,2024-04-01 06:20:00,25.51,46.79
A100,2024-04-01 06:30:00,24.09,50.01
B200,2024-04-01 06:30:00,25.15,46.7
C300,2024-04-01 06:30:00,15.73,46.92
D400,2024-04-01 06:30:00,21.69,39.5
A100,2024-04-01 06:40:00,22.62,46.58
B200,2024-04-01 06:40:00,23.93,52.62
C300,2024-04-01 06:40:00,28.69,50.47
D400,2024-04-01 06:40:00,24.08,59.99
A100,2024-04-01 06:50:00,20.83,43.98
B200,2024-04-01 06:50:00,25.51,56.58
C300,2024-04-01 06:50:00,27.58,40.98
D400,2024-04-01 06:50:00,19.56,49.41
A100,2024-04-01 07:00:00,25.77,48.09
B200,2024-04-01 07:00:00,21.06,43.63
C300,2024-04-01 07:00:00,26.59,55.33
D400,2024-04-01 07:00:00,25.58,49.75
A100,2024-04-01 07:10:00,21.83,40.46
B200,2024-04-01 07:10:00,20.24,39.81
C300,2024-04-01 07:10:00,23.25,52.33
D400,2024-04-01 07:10:00,24.16,57.08
A100,2024-04-01 07:20:00,24.45,41.78
B200,2024-04-01 07:20:00,23.66,49.47
C300,2024-04-01 07:20:00,25.25,54.24
D400,2024-04-01 07:20:00,25.18,47.57
A100,2024-04-01 07:30:00,27.45,54.18
B200,2024-04-01 07:30:00,17.52,53.82
C300,2024-04-01 07:30:00,21.79,41.23
D400,2024-04-01 07:30:00,24.63,61.62
A100,2024-04-01 07:40:00,23.87,48.55
B200,2024-04-01 07:40:00,24.24,61.95
C300,2024-04-01 07:40:00,23.33,54.92
D400,2024-04-01 07:40:00,23.0,47.1
A100,2024-04-01 07:50:00,27.53,44.49
B200,2024-04-01 07:50:00,25.87,48.29
C300,2024-04-01 07:50:00,22.11,47.91
D400,2024-04-01 07:50:00,18.37,44.75
A100,2024-04-01 08:00:00,24.34,48.76
B200,2024-04-01 08:00:00,21.64,57.41
C300,2024-04-01 08:00:00,21.52,57.19
D400,2024-04-01 08:00:00,24.37,48.68
A100,2024-04-01 08:10:00,24.23,51.47
B200,2024-04-01 08:10:00,21.61,45.36
C300,2024-04-01 08:10:00,23.5,52.18
D400,2024-04-01 08:10:00,25.66,56.23
A100,2024-04-01 08:20:00,20.93,51.78
B200,2024-04-01 08:20:00,23.97,47.34
C300,2024-04-01 08:20:00,29.01,52.16
D400,2024-04-01 08:20:00,27.57,33.18
A100,2024-04-01 08:30:00,26.62,52.68
B200,2024-04-01 08:30:00,25.75,48.53
C300,2024-04-01 08:30:00,29.28,49.02
D400,2024-04-01 08:30:00,23.95,45.11
A100,2024-04-01 08:40:00,23.9,49.13
B200,2024-04-01 08:40:00,26.68,53.17
C300,2024-04-01 08:40:00,26.93,49.46
D400,2024-04-01 08:40:00,23.15,54.42
A100,2024-04-01 08:50:00,24.39,38.2
B200,2024-04-01 08:50:00,22.87,39.07
C300,2024-04-01 08:50:00,21.96,55.13
D400,2024-04-01 08:50:00,23.16,48.65
A100,2024-04-01 09:00:00,23.51,50.06
B200,2024-04-01 09:00:00,23.16,59.08
C300,2024-04-01 09:00:00,19.74,51.14
D400,2024-04-01 09:00:00,25.39,45.53
A100,2024-04-01 09:10:00,25.61,46.66
B200,2024-04-01 09:10:00,25.2,43.69
C300,2024-04-01 09:10:00,24.22,61.15
D400,2024-04-01 09:10:00,21.74,47.92
A100,2024-04-01 09:20:00,28.12,56.18
B200,2024-04-01 09:20:00,28.37,48.15
C300,2024-04-01 09:20:00,24.87,52.31
D400,2024-04-01 09:20:00,22.06,44.41
A100,2024-04-01 09:30:00,20.9,47.49
B200,2024-04-01 09:30:00,20.81,46.62
C300,2024-04-01 09:30:00,21.49,52.56
D400,2024-04-01 09:30:00,24.99,47.14
A100,2024-04-01 09:40:00,23.15,52.98
B200,2024-04-01 09:40:00,23.11,47.02
C300,2024-04-01 09:40:00,20.68,56.53
D400,2024-04-01 09:40:00,19.95,48.42
A100,2024-04-01 09:50:00,21.79,50.73
B200,2024-04-01 09:50:00,22.88,50.42
C300,2024-04-01 09:50:00,21.9,47.73
D400,2024-04-01 09:50:00,20.63,44.96
A100,2024-04-01 10:00:00,22.84,50.82
B200,2024-04-01 10:00:00,23.63,56.82
C300,2024-04-01 10:00:00,20.22,48.69
D400,2024-04-01 10:00:00,18.32,49.17
A100,2024-04-01 10:10:00,22.32,47.42
B200,2024-04-01 10:10:00,22.3,52.17
C300,2024-04-01 10:10:00,24.7,43.97
D400,2024-04-01 10:10:00,23.44,42.4
A100,2024-04-01 10:20:00,19.73,52.0
B200,2024-04-01 10:20:00,21.16,46.93
C300,2024-04-01 10:20:00,24.55,49.91
D400,2024-04-01 10:20:00,27.51,43.72
A100,2024-04-01 10:30:00,27.05,52.89
B200,2024-04-01 10:30:00,25.9,48.04
C300,2024-04-01 10:30:00,21.62,50.48
D400,2024-04-01 10:30:00,21.61,45.06
A100,2024-04-01 10:40:00,24.38,55.26
B200,2024-04-01 10:40:00,19.99,56.53
C300,2024-04-01 10:40:00,20.9,48.47
D400,2024-04-01 10:40:00,23.27,47.58
A100,2024-04-01 10:50:00,23.41,50.67
B200,2024-04-01 10:50:00,27.18,48.99
C300,2024-04-01 10:50:00,21.72,44.66
D400,2024-04-01 10:50:00,24.8,54.09
A100,2024-04-01 11:00:00,22.38,54.58
B200,2024-04-01 11:00:00,29.42,56.6
C300,2024-04-01 11:00:00,22.19,55.16
D400,2024-04-01 11:00:00,26.31,50.32
A100,2024-04-01 11:10:00,26.24,53.8
B200,2024-04-01 11:10:00,27.12,52.89
C300,2024-04-01 11:10:00,25.89,44.9
D400,2024-04-01 11:10:00,23.99,46.25
A100,2024-04-01 11:20:00,26.99,43.21
B200,2024-04-01 11:20:00,18.53,42.92
C300,2024-04-01 11:20:00,23.43,39.88
D400,2024-04-01 11:20:00,19.27,53.32
A100,2024-04-01 11:30:00,20.52,55.02
B200,2024-04-01 11:30:00,20.7,39.32
C300,2024-04-01 11:30:00,21.43,43.56
D400,2024-04-01 11:30:00,20.77,49.45
A100,2024-04-01 11:40:00,24.43,56.91
B200,2024-04-01 11:40:00,23.09,51.43
C300,2024-04-01 11:40:00,20.68,45.46
D400,2024-04-01 11:40:00,27.25,57.02
A100,2024-04-01 11:50:00,27.97,49.37
B200,2024-04-01 11:50:00,20.69,46.09
C300,2024-04-01 11:50:00,23.18,47.17
D400,2024-04-01 11:50:00,24.28,53.76
A100,2024-04-01 12:00:00,21.43,59.59
B200,2024-04-01 12:00:00,24.19,56.79
C300,2024-04-01 12:00:00,25.06,60.78
D400,2024-04-01 12:00:00,21.09,47.43
A100,2024-04-01 12:10:00,22.72,50.91
B200,2024-04-01 12:10:00,24.31,51.94
C300,2024-04-01 12:10:00,24.35,52.79
D400,2024-04-01 12:10:00,22.79,52.34
A100,2024-04-01 12:20:00,31.04,50.02
B200,2024-04-01 12:20:00,20.39,46.86
C300,2024-04-01 12:20:00,22.85,45.57
D400,2024-04-01 12:20:00,24.31,54.0
A100,2024-04-01 12:30:00,20.75,41.53
B200,2024-04-01 12:30:00,30.18,45.31
C300,2024-04-01 12:30:00,27.53,53.81
D400,2024-04-01 12:30:00,22.49,46.06
A100,2024-04-01 12:40:00,22.49,47.79
B200,2024-04-01 12:40:00,25.55,43.04
C300,2024-04-01 12:40:00,27.2,46.8
D400,2024-04-01 12:40:00,20.34,50.93
A100,2024-04-01 12:50:00,30.01,45.8
B200,2024-04-01 12:50:00,24.32,50.71
C300,2024-04-01 12:50:00,28.71,45.31
D400,2024-04-01 12:50:00,26.34,42.88
A100,2024-04-01 13:00:00,24.56,53.68
B200,2024-04-01 13:00:00,26.51,43.16
C300,2024-04-01 13:00:00,18.97,49.01
D400,2024-04-01 13:00:00,22.58,42.9
A100,2024-04-01 13:10:00,20.74,47.61
B200,2024-04-01 13:10:00,28.27,43.84
C300,2024-04-01 13:10:00,26.23,42.64
D400,2024-04-01 13:10:00,22.12,42.34
A100,2024-04-01 13:20:00,29.43,54.78
B200,2024-04-01 13:20:00,25.75,53.25
C300,2024-04-01 13:20:00,21.98,50.18
D400,2024-04-01 13:20:00,21.39,63.47
A100,2024-04-01 13:30:00,21.19,45.7
B200,2024-04-01 13:30:00,28.01,49.48
C300,2024-04-01 13:30:00,25.51,49.59
D400,2024-04-01 13:30:00,22.28,46.56
A100,2024-04-01 13:40:00,26.16,51.14
B200,2024-04-01 13:40:00,27.01,55.95
C300,2024-04-01 13:40:00,25.44,55.24
D400,2024-04-01 13:40:00,25.34,51.9
A100,2024-04-01 13:50:00,23.19,41.54
B200,2024-04-01 13:50:00,22.41,57.24
C300,2024-04-01 13:50:00,24.72,47.99
D400,2024-04-01 13:50:00,27.0,47.76
A100,2024-04-01 14:00:00,25.77,56.65
B200,2024-04-01 14:00:00,25.52,55.31
C300,2024-04-01 14:00:00,25.18,40.48
D400,2024-04-01 14:00:00,27.28,54.01
A100,2024-04-01 14:10:00,23.24,47.06
B200,2024-04-01 14:10:00,24.31,44.0
C300,2024-04-01 14:10:00,26.36,49.24
D400,2024-04-01 14:10:00,21.75,53.32
A100,2024-04-01 14:20:00,25.19,54.08
B200,2024-04-01 14:20:00,20.79,53.68
C300,2024-04-01 14:20:00,28.47,49.79
D400,2024-04-01 14:20:00,23.73,43.05
A100,2024-04-01 14:30:00,24.21,44.88
B200,2024-04-01 14:30:00,26.92,62.13
C300,2024-04-01 14:30:00,30.13,45.72
D400,2024-04-01 14:30:00,22.16,53.03
A100,2024-04-01 14:40:00,23.43,50.07
B200,2024-04-01 14:40:00,30.14,44.58
C300,2024-04-01 14:40:00,24.67,51.9
D400,2024-04-01 14:40:00,26.63,45.69
A100,2024-04-01 14:50:00,27.71,51.31
B200,2024-04-01 14:50:00,21.93,49.1
C300,2024-04-01 14:50:00,26.51,60.41
D400,2024-04-01 14:50:00,23.12,60.58
A100,2024-04-01 15:00:00,27.11,47.45
B200,2024-04-01 15:00:00,25.51,54.36
C300,2024-04-01 15:00:00,23.4,46.78
D400,2024-04-01 15:00:00,23.67,48.06
A100,2024-04-01 15:10:00,24.69,60.91
B200,2024-04-01 15:10:00,25.15,59.04
C300,2024-04-01 15:10:00,25.42,64.47
D400,2024-04-01 15:10:00,21.97,39.67
A100,2024-04-01 15:20:00,24.68,52.0
B200,2024-04-01 15:20:00,27.94,59.52
C300,2024-04-01 15:20:00,20.1,49.14
D400,2024-04-01 15:20:00,24.35,44.23
A100,2024-04-01 15:30:00,23.65,55.45
B200,2024-04-01 15:30:00,26.91,51.87
C300,2024-04-01 15:30:00,28.24,51.74
D400,2024-04-01 15:30:00,27.2,45.81
A100,2024-04-01 15:40:00,22.07,60.39
B200,2024-04-01 15:40:00,22.78,55.07
C300,2024-04-01 15:40:00,22.68,51.95
D400,2024-04-01 15:40:00,23.66,53.58
A100,2024-04-01 15:50:00,25.78,46.69
B200,2024-04-01 15:50:00,25.87,44.29
C300,2024-04-01 15:50:00,28.31,51.8
D400,2024-04-01 15:50:00,16.43,43.46
A100,2024-04-01 16:00:00,25.71,54.8
B200,2024-04-01 16:00:00,23.02,50.79
C300,2024-04-01 16:00:00,25.81,56.56
D400,2024-04-01 16:00:00,26.27,47.2
A100,2024-04-01 16:10:00,27.41,39.13
B200,2024-04-01 16:10:00,23.3,53.1
C300,2024-04-01 16:10:00,20.98,50.27
D400,2024-04-01 16:10:00,25.38,46.12
A100,2024-04-01 16:20:00,24.48,43.89
B200,2024-04-01 16:20:00,26.51,52.67
C300,2024-04-01 16:20:00,25.85,49.65
D400,2024-04-01 16:20:00,19.84,49.34
A100,2024-04-01 16:30:00,28.32,55.08
B200,2024-04-01 16:30:00,28.36,50.28
C300,2024-04-01 16:30:00,22.27,52.93
D400,2024-04-01 16:30:00,23.52,47.21
A100,2024-04-01 16:40:00,19.66,51.67
B200,2024-04-01 16:40:00,26.34,44.18
C300,2024-04-01 16:40:00,27.72,51.25
D400,2024-04-01 16:40:00,24.28,43.9
A100,2024-04-01 16:50:00,25.32,44.24
B200,2024-04-01 16:50:00,21.61,41.64
C300,2024-04-01 16:50:00,30.75,49.76
D400,2024-04-01 16:50:00,22.48,49.79
A100,2024-04-01 17:00:00,22.74,49.1
B200,2024-04-01 17:00:00,24.93,47.97
C300,2024-04-01 17:00:00,24.31,61.66
D400,2024-04-01 17:00:00,19.42,44.31
A100,2024-04-01 17:10:00,25.23,56.84
B200,2024-04-01 17:10:00,31.48,52.07
C300,2024-04-01 17:10:00,20.95,57.53
D400,2024-04-01 17:10:00,24.31,50.43
A100,2024-04-01 17:20:00,19.14,55.84
B200,2024-04-01 17:20:00,21.7,52.83
C300,2024-04-01 17:20:00,24.17,51.0
D400,2024-04-01 17:20:00,24.13,46.23
A100,2024-04-01 17:30:00,21.9,54.74
B200,2024-04-01 17:30:00,23.96,46.73
C300,2024-04-01 17:30:00,22.72,53.44
D400,2024-04-01 17:30:00,22.3,57.98
A100,2024-04-01 17:40:00,23.61,48.25
B200,2024-04-01 17:40:00,25.54,48.58
C300,2024-04-01 17:40:00,24.95,49.72
D400,2024-04-01 17:40:00,19.66,44.66
A100,2024-04-01 17:50:00,24.73,47.74
B200,2024-04-01 17:50:00,29.15,46.07
C300,2024-04-01 17:50:00,20.73,50.2
D400,2024-04-01 17:50:00,24.63,54.42
A100,2024-04-01 18:00:00,17.74,57.54
B200,2024-04-01 18:00:00,20.73,55.45
C300,2024-04-01 18:00:00,28.89,53.73
D400,2024-04-01 18:00:00,21.13,49.04
A100,2024-04-01 18:10:00,25.89,50.17
B200,2024-04-01 18:10:00,21.38,50.5
C300,2024-04-01 18:10:00,22.71,53.01
D400,2024-04-01 18:10:00,21.35,40.33
A100,2024-04-01 18:20:00,21.46,41.47
B200,2024-04-01 18:20:00,22.43,53.36
C300,2024-04-01 18:20:00,23.02,49.88
D400,2024-04-01 18:20:00,21.49,50.1
A100,2024-04-01 18:30:00,21.61,44.06
B200,2024-04-01 18:30:00,23.44,46.62
C300,2024-04-01 18:30:00,16.96,49.6
D400,2024-04-01 18:30:00,21.56,44.79
A100,2024-04-01 18:40:00,27.49,54.27
B200,2024-04-01 18:40:00,24.94,50.3
C300,2024-04-01 18:40:00,25.51,48.04
D400,2024-04-01 18:40:00,24.2,47.98
A100,2024-04-01 18:50:00,24.28,51.43
B200,2024-04-01 18:50:00,24.56,48.16
C300,2024-04-01 18:50:00,25.73,48.99
D400,2024-04-01 18:50:00,23.43,40.89
A100,2024-04-01 19:00:00,21.87,54.33
B200,2024-04-01 19:00:00,25.96,49.89
C300,2024-04-01 19:00:00,22.6,50.76
D400,2024-04-01 19:00:00,18.01,50.7
A100,2024-04-01 19:10:00,20.88,49.55
B200,2024-04-01 19:10:00,24.53,48.25
C300,2024-04-01 19:10:00,25.87,46.84
D400,2024-04-01 19:10:00,22.18,53.12
A100,2024-04-01 19:20:00,23.1,56.73
B200,2024-04-01 19:20:00,24.03,52.76
C300,2024-04-01 19:20:00,26.33,49.64
D400,2024-04-01 19:20:00,20.18,53.14
A100,2024-04-01 19:30:00,26.98,48.67
B200,2024-04-01 19:30:00,26.48,44.16
C300,2024-04-01 19:30:00,24.37,48.57
D400,2024-04-01 19:30:00,20.06,51.99
A100,2024-04-01 19:40:00,21.78,51.88
B200,2024-04-01 19:40:00,21.51,41.63
C300,2024-04-01 19:40:00,22.21,55.18
D400,2024-04-01 19:40:00,23.6,50.18
A100,2024-04-01 19:50:00,24.35,50.51
B200,2024-04-01 19:50:00,28.69,49.79
C300,2024-04-01 19:50:00,19.24,48.14
D400,2024-04-01 19:50:00,24.17,43.7
A100,2024-04-01 20:00:00,23.41,48.87
B200,2024-04-01 20:00:00,28.44,46.61
C300,2024-04-01 20:00:00,26.37,49.27
D400,2024-04-01 20:00:00,26.15,56.98
A100,2024-04-01 20:10:00,24.95,49.71
B200,2024-04-01 20:10:00,26.87,42.68
C300,2024-04-01 20:10:00,24.43,43.77
D400,2024-04-01 20:10:00,26.0,50.49
A100,2024-04-01 20:20:00,23.82,48.15
B200,2024-04-01 20:20:00,25.69,41.06
C300,2024-04-01 20:20:00,28.76,49.29
D400,2024-04-01 20:20:00,20.75,36.86
A100,2024-04-01 20:30:00,23.58,51.15
B200,2024-04-01 20:30:00,24.76,42.75
C300,2024-04-01 20:30:00,20.93,56.78
D400,2024-04-01 20:30:00,20.12,50.56
A100,2024-04-01 20:40:00,23.04,47.32
B200,2024-04-01 20:40:00,23.32,47.3
C300,2024-04-01 20:40:00,22.57,54.99
D400,2024-04-01 20:40:00,22.99,43.91
A100,2024-04-01 20:50:00,23.79,44.71
B200,2024-04-01 20:50:00,21.28,57.28
C300,2024-04-01 20:50:00,23.54,43.61
D400,2024-04-01 20:50:00,23.74,50.32
A100,2024-04-01 21:00:00,23.48,47.56
B200,2024-04-01 21:00:00,20.53,47.92
C300,2024-04-01 21:00:00,22.02,49.39
D400,2024-04-01 21:00:00,25.06,58.76
A100,2024-04-01 21:10:00,25.94,36.43
B200,2024-04-01 21:10:00,24.56,57.58
C300,2024-04-01 21:10:00,23.64,57.78
D400,2024-04-01 21:10:00,21.24,45.61
A100,2024-04-01 21:20:00,23.58,49.27
B200,2024-04-01 21:20:00,26.09,50.01
C300,2024-04-01 21:20:00,23.73,62.38
D400,2024-04-01 21:20:00,22.06,56.44
A100,2024-04-01 21:30:00,25.04,48.17
B200,2024-04-01 21:30:00,24.65,45.91
C300,2024-04-01 21:30:00,24.22,49.98
D400,2024-04-01 21:30:00,25.19,49.42
A100,2024-04-01 21:40:00,28.17,45.59
B200,2024-04-01 21:40:00,22.28,51.2
C300,2024-04-01 21:40:00,21.99,53.36
D400,2024-04-01 21:40:00,27.29,47.4
A100,2024-04-01 21:50:00,24.22,53.27
B200,2024-04-01 21:50:00,26.21,67.39
C300,2024-04-01 21:50:00,20.61,57.47
D400,2024-04-01 21:50:00,22.39,47.0
A100,2024-04-01 22:00:00,24.36,50.31
B200,2024-04-01 22:00:00,27.13,42.65
C300,2024-04-01 22:00:00,16.56,59.67
D400,2024-04-01 22:00:00,20.4,55.03
A100,2024-04-01 22:10:00,27.49,55.67
B200,2024-04-01 22:10:00,25.28,53.73
C300,2024-04-01 22:10:00,22.69,40.43
D400,2024-04-01 22:10:00,23.13,47.28
A100,2024-04-01 22:20:00,21.64,50.25
B200,2024-04-01 22:20:00,19.13,56.27
C300,2024-04-01 22:20:00,23.83,47.53
D400,2024-04-01 22:20:00,23.23,49.22
A100,2024-04-01 22:30:00,21.41,44.8
B200,2024-04-01 22:30:00,20.73,42.9
C300,2024-04-01 22:30:00,21.86,49.26
D400,2024-04-01 22:30:00,26.75,42.12
A100,2024-04-01 22:40:00,26.29,41.96
B200,2024-04-01 22:40:00,24.24,42.41
C300,2024-04-01 22:40:00,20.84,51.58
D400,2024-04-01 22:40:00,24.76,53.74
A100,2024-04-01 22:50:00,21.67,54.98
B200,2024-04-01 22:50:00,27.91,51.17
C300,2024-04-01 22:50:00,19.53,40.35
D400,2024-04-01 22:50:00,24.38,47.14
A100,2024-04-01 23:00:00,21.51,49.16
B200,2024-04-01 23:00:00,23.1,49.2
C300,2024-04-01 23:00:00,21.8,59.9
D400,2024-04-01 23:00:00,21.28,48.65
A100,2024-04-01 23:10:00,18.9,44.22
B200,2024-04-01 23:10:00,20.75,47.31
C300,2024-04-01 23:10:00,23.38,47.89
D400,2024-04-01 23:10:00,22.63,51.07
A100,2024-04-01 23:20:00,24.73,38.09
B200,2024-04-01 23:20:00,26.64,51.31
C300,2024-04-01 23:20:00,19.1,54.49
D400,2024-04-01 23:20:00,26.55,40.06
A100,2024-04-01 23:30:00,23.22,51.32
B200,2024-04-01 23:30:00,26.67,52.46
C300,2024-04-01 23:30:00,22.59,44.59
D400,2024-04-01 23:30:00,20.3,45.36
A100,2024-04-01 23:40:00,25.34,54.6
B200,2024-04-01 23:40:00,23.06,55.48
C300,2024-04-01 23:40:00,25.02,62.64
D400,2024-04-01 23:40:00,19.42,48.91
A100,2024-04-01 23:50:00,24.53,59.24
B200,2024-04-01 23:50:00,20.36,45.17
C300,2024-04-01 23:50:00,24.14,43.88
D400,2024-04-01 23:50:00,23.38,41.82
A100,2024-04-02 00:00:00,26.99,58.4
B200,2024-04-02 00:00:00,28.29,50.77
C300,2024-04-02 00:00:00,24.44,49.94
D400,2024-04-02 00:00:00,26.15,56.31
A100,2024-04-02 00:10:00,25.78,51.21
B200,2024-04-02 00:10:00,25.76,49.95
C300,2024-04-02 00:10:00,20.65,47.04
D400,2024-04-02 00:10:00,24.53,45.65
A100,2024-04-02 00:20:00,21.65,53.09
B200,2024-04-02 00:20:00,25.7,51.48
C300,2024-04-02 00:20:00,22.76,48.31
D400,2024-04-02 00:20:00,25.75,45.49
A100,2024-04-02 00:30:00,20.36,52.54
B200,2024-04-02 00:30:00,23.7,56.54
C300,2024-04-02 00:30:00,21.34,55.37
D400,2024-04-02 00:30:00,22.54,53.91
A100,2024-04-02 00:40:00,20.78,41.97
B200,2024-04-02 00:40:00,24.88,48.62
C300,2024-04-02 00:40:00,24.4,45.12
D400,2024-04-02 00:40:00,24.82,56.37
A100,2024-04-02 00:50:00,26.74,46.63
B200,2024-04-02 00:50:00,20.86,49.98
C300,2024-04-02 00:50:00,26.12,41.56
D400,2024-04-02 00:50:00,25.52,60.05
A100,2024-04-02 01:00:00,25.6,42.22
B200,2024-04-02 01:00:00,21.17,46.55
C300,2024-04-02 01:00:00,23.64,51.75
D400,2024-04-02 01:00:00,25.8,48.51
A100,2024-04-02 01:10:00,24.64,44.59
B200,2024-04-02 01:10:00,22.24,54.42
C300,2024-04-02 01:10:00,25.13,52.88
D400,2024-04-02 01:10:00,21.4,49.81
A100,2024-04-02 01:20:00,24.21,51.61
B200,2024-04-02 01:20:00,26.54,50.23
C300,2024-04-02 01:20:00,27.98,40.17
D400,2024-04-02 01:20:00,23.23,55.16
A100,2024-04-02 01:30:00,22.13,54.17
B200,2024-04-02 01:30:00,24.24,59.49
C300,2024-04-02 01:30:00,23.62,49.3
D400,2024-04-02 01:30:00,28.5,48.19
A100,2024-04-02 01:40:00,26.64,51.54
B200,2024-04-02 01:40:00,26.72,48.25
C300,2024-04-02 01:40:00,23.73,48.16
D400,2024-04-02 01:40:00,19.07,48.67
A100,2024-04-02 01:50:00,32.01,46.34
B200,2024-04-02 01:50:00,24.36,55.96
C300,2024-04-02 01:50:00,25.3,49.61
D400,2024-04-02 01:50:00,21.76,57.21
A100,2024-04-02 02:00:00,26.77,57.09
B200,2024-04-02 02:00:00,27.3,42.86
C300,2024-04-02 02:00:00,23.12,51.55
D400,2024-04-02 02:00:00,21.62,46.85
A100,2024-04-02 02:10:00,25.6,53.0
B200,2024-04-02 02:10:00,28.4,46.39
C300,2024-04-02 02:10:00,21.67,60.49
D400,2024-04-02 02:10:00,23.39,40.5
A100,2024-04-02 02:20:00,25.0,44.62
B200,2024-04-02 02:20:00,23.03,42.91
C300,2024-04-02 02:20:00,26.78,52.04
D400,2024-04-02 02:20:00,20.78,50.99
A100,2024-04-02 02:30:00,25.68,48.94
B200,2024-04-02 02:30:00,28.14,55.21
C300,2024-04-02 02:30:00,22.8,48.87
D400,2024-04-02 02:30:00,20.91,41.52
A100,2024-04-02 02:40:00,21.82,46.49
B200,2024-04-02 02:40:00,27.32,43.13
C300,2024-04-02 02:40:00,24.24,51.07
D400,2024-04-02 02:40:00,22.23,55.1
A100,2024-04-02 02:50:00,23.22,47.04
B200,2024-04-02 02:50:00,28.11,45.79
C300,2024-04-02 02:50:00,25.95,47.16
D400,2024-04-02 02:50:00,20.96,48.35
A100,2024-04-02 03:00:00,29.89,42.78
B200,2024-04-02 03:00:00,22.25,56.15
C300,2024-04-02 03:00:00,21.65,46.99
D400,2024-04-02 03:00:00,24.34,48.88
A100,2024-04-02 03:10:00,25.27,48.69
B200,2024-04-02 03:10:00,24.01,49.35
C300,2024-04-02 03:10:00,21.96,40.75
D400,2024-04-02 03:10:00,28.8,45.86
A100,2024-04-02 03:20:00,22.08,50.99
B200,2024-04-02 03:20:00,21.41,54.58
C300,2024-04-02 03:20:00,24.64,48.64
D400,2024-04-02 03:20:00,22.75,44.0
A100,2024-04-02 03:30:00,24.78,50.68
B200,2024-04-02 03:30:00,22.38,52.62
C300,2024-04-02 03:30:00,27.95,50.07
D400,2024-04-02 03:30:00,23.38,45.2
A100,2024-04-02 03:40:00,23.6,47.9
B200,2024-04-02 03:40:00,21.38,52.26
C300,2024-04-02 03:40:00,24.68,50.38
D400,2024-04-02 03:40:00,23.09,54.61
A100,2024-04-02 03:50:00,19.62,41.48
B200,2024-04-02 03:50:00,24.56,56.32
C300,2024-04-02 03:50:00,24.3,50.64
D400,2024-04-02 03:50:00,21.38,39.28
A100,2024-04-02 04:00:00,21.56,53.22
B200,2024-04-02 04:00:00,20.07,45.74
C300,2024-04-02 04:00:00,20.08,45.47
D400,2024-04-02 04:00:00,26.85,46.97
A100,2024-04-02 04:10:00,26.29,47.09
B200,2024-04-02 04:10:00,27.6,51.75
C300,2024-04-02 04:10:00,22.85,49.19
D400,2024-04-02 04:10:00,20.4,47.44
A100,2024-04-02 04:20:00,27.55,51.8
B200,2024-04-02 04:20:00,18.78,49.14
C300,2024-04-02 04:20:00,24.42,53.75
D400,2024-04-02 04:20:00,23.06,49.4
A100,2024-04-02 04:30:00,26.58,48.78
B200,2024-04-02 04:30:00,22.18,54.18
C300,2024-04-02 04:30:00,26.14,39.2
D400,2024-04-02 04:30:00,24.65,44.96
A100,2024-04-02 04:40:00,25.0,54.76
B200,2024-04-02 04:40:00,25.55,53.59
C300,2024-04-02 04:40:00,22.35,47.71
D400,2024-04-02 04:40:00,25.48,50.35
A100,2024-04-02 04:50:00,20.14,54.46
B200,2024-04-02 04:50:00,20.34,51.62
C300,2024-04-02 04:50:00,24.52,55.91
D400,2024-04-02 04:50:00,23.41,39.86
A100,2024-04-02 05:00:00,24.36,51.66
B200,2024-04-02 05:00:00,26.68,47.36
C300,2024-04-02 05:00:00,25.76,54.49
D400,2024-04-02 05:00:00,22.17,51.59
A100,2024-04-02 05:10:00,20.32,52.82
B200,2024-04-02 05:10:00,24.56,43.81
C300,2024-04-02 05:10:00,23.01,55.42
D400,2024-04-02 05:10:00,24.5,46.59
A100,2024-04-02 05:20:00,22.08,55.02
B200,2024-04-02 05:20:00,22.77,51.1
C300,2024-04-02 05:20:00,22.97,38.94
D400,2024-04-02 05:20:00,22.37,55.69
A100,2024-04-02 05:30:00,29.36,46.13
B200,2024-04-02 05:30:00,24.83,61.64
C300,2024-04-02 05:30:00,27.0,43.94
D400,2024-04-02 05:30:00,23.34,51.29
A100,2024-04-02 05:40:00,27.18,43.98
B200,2024-04-02 05:40:00,25.94,53.52
C300,2024-04-02 05:40:00,23.24,60.72
D400,2024-04-02 05:40:00,21.72,51.82
A100,2024-04-02 05:50:00,24.5,51.88
B200,2024-04-02 05:50:00,26.89,43.29
C300,2024-04-02 05:50:00,24.4,59.85
D400,2024-04-02 05:50:00,26.0,46.7
A100,2024-04-02 06:00:00,22.0,52.59
B200,2024-04-02 06:00:00,22.78,49.29
C300,2024-04-02 06:00:00,22.14,60.37
D400,2024-04-02 06:00:00,24.87,50.26
A100,2024-04-02 06:10:00,19.92,45.87
B200,2024-04-02 06:10:00,23.85,49.7
C300,2024-04-02 06:10:00,28.15,50.62
D400,2024-04-02 06:10:00,26.6,50.9
A100,2024-04-02 06:20:00,26.15,41.66
B200,2024-04-02 06:20:00,20.86,54.62
C300,2024-04-02 06:20:00,27.74,41.47
D400,2024-04-02 06:20:00,24.03,42.5
A100,2024-04-02 06:30:00,22.34,40.5
B200,2024-04-02 06:30:00,23.7,49.08
C300,2024-04-02 06:30:00,23.51,48.54
D400,2024-04-02 06:30:00,25.59,58.57
A100,2024-04-02 06:40:00,20.98,45.8
B200,2024-04-02 06:40:00,24.32,48.66
C300,2024-04-02 06:40:00,23.21,43.44
D400,2024-04-02 06:40:00,22.86,47.77
A100,2024-04-02 06:50:00,24.55,45.46
B200,2024-04-02 06:50:00,26.23,43.68
C300,2024-04-02 06:50:00,27.89,45.91
D400,2024-04-02 06:50:00,27.61,46.25
A100,2024-04-02 07:00:00,26.08,48.18
B200,2024-04-02 07:00:00,24.2,53.01
C300,2024-04-02 07:00:00,23.17,40.48
D400,2024-04-02 07:00:00,22.41,47.47
A100,2024-04-02 07:10:00,28.32,49.76
B200,2024-04-02 07:10:00,24.43,49.42
C300,2024-04-02 07:10:00,24.54,43.81
D400,2024-04-02 07:10:00,22.28,53.31
A100,2024-04-02 07:20:00,23.44,49.49
B200,2024-04-02 07:20:00,23.95,53.44
C300,2024-04-02 07:20:00,22.4,50.5
D400,2024-04-02 07:20:00,18.62,41.94
A100,2024-04-02 07:30:00,23.38,44.47
B200,2024-04-02 07:30:00,26.46,44.66
C300,2024-04-02 07:30:00,23.68,54.01
D400,2024-04-02 07:30:00,25.23,47.28
A100,2024-04-02 07:40:00,23.03,52.37
B200,2024-04-02 07:40:00,26.02,57.48
C300,2024-04-02 07:40:00,26.01,53.43
D400,2024-04-02 07:40:00,24.86,50.6
A100,2024-04-02 07:50:00,23.07,52.49
B200,2024-04-02 07:50:00,23.41,53.48
C300,2024-04-02 07:50:00,25.81,52.35
D400,2024-04-02 07:50:00,22.44,49.56
A100,2024-04-02 08:00:00,26.71,41.47
B200,2024-04-02 08:00:00,24.48,53.79
C300,2024-04-02 08:00:00,25.09,60.35
D400,2024-04-02 08:00:00,19.97,44.08
A100,2024-04-02 08:10:00,24.46,54.66
B200,2024-04-02 08:10:00,24.14,56.59
C300,2024-04-02 08:10:00,22.56,48.64
D400,2024-04-02 08:10:00,25.91,48.23
A100,2024-04-02 08:20:00,26.34,53.47
B200,2024-04-02 08:20:00,22.96,51.5
C300,2024-04-02 08:20:00,22.8,45.54
D400,2024-04-02 08:20:00,23.02,49.1
A100,2024-04-02 08:30:00,24.28,49.46
B200,2024-04-02 08:30:00,19.61,54.95
C300,2024-04-02 08:30:00,19.74,50.94
D400,2024-04-02 08:30:00,22.15,50.73
A100,2024-04-02 08:40:00,23.44,51.74
B200,2024-04-02 08:40:00,25.3,55.19
C300,2024-04-02 08:40:00,25.93,50.21
D400,2024-04-02 08:40:00,26.36,47.46
A100,2024-04-02 08:50:00,28.2,47.03
B200,2024-04-02 08:50:00,22.83,40.92
C300,2024-04-02 08:50:00,22.33,48.66
D400,2024-04-02 08:50:00,23.32,58.41
A100,2024-04-02 09:00:00,25.46,54.7
B200,2024-04-02 09:00:00,24.0,46.49
C300,2024-04-02 09:00:00,29.45,49.5
D400,2024-04-02 09:00:00,25.61,45.26
A100,2024-04-02 09:10:00,21.07,57.48
B200,2024-04-02 09:10:00,25.08,48.89
C300,2024-04-02 09:10:00,23.53,44.82
D400,2024-04-02 09:10:00,22.6,52.13
A100,2024-04-02 09:20:00,24.11,53.76
B200,2024-04-02 09:20:00,17.15,50.87
C300,2024-04-02 09:20:00,25.95,38.97
D400,2024-04-02 09:20:00,21.41,42.77
A100,2024-04-02 09:30:00,27.24,50.36
B200,2024-04-02 09:30:00,24.35,55.67
C300,2024-04-02 09:30:00,23.72,46.75
D400,2024-04-02 09:30:00,24.43,52.15
A100,2024-04-02 09:40:00,21.17,57.83
B200,2024-04-02 09:40:00,19.27,51.63
C300,2024-04-02 09:40:00,28.18,50.61
D400,2024-04-02 09:40:00,18.86,57.43
A100,2024-04-02 09:50:00,22.8,53.9
B200,2024-04-02 09:50:00,25.05,49.92
C300,2024-04-02 09:50:00,18.85,52.03
D400,2024-04-02 09:50:00,25.85,42.0
A100,2024-04-02 10:00:00,28.19,48.07
B200,2024-04-02 10:00:00,28.54,53.34
C300,2024-04-02 10:00:00,24.06,50.52
D400,2024-04-02 10:00:00,26.46,57.64
A100,2024-04-02 10:10:00,21.57,47.01
B200,2024-04-02 10:10:00,28.15,45.59
C300,2024-04-02 10:10:00,24.06,46.56
D400,2024-04-02 10:10:00,25.85,37.68
A100,2024-04-02 10:20:00,25.84,55.8
B200,2024-04-02 10:20:00,25.64,45.84
C300,2024-04-02 10:20:00,15.14,46.61
D400,2024-04-02 10:20:00,25.63,49.88
A100,2024-04-02 10:30:00,26.2,48.89
B200,2024-04-02 10:30:00,23.32,58.0
C300,2024-04-02 10:30:00,22.27,53.23
D400,2024-04-02 10:30:00,25.96,61.86
A100,2024-04-02 10:40:00,28.14,52.75
B200,2024-04-02 10:40:00,25.77,56.31
C300,2024-04-02 10:40:00,22.4,58.81
D400,2024-04-02 10:40:00,23.92,53.41
A100,2024-04-02 10:50:00,24.9,46.21
B200,2024-04-02 10:50:00,23.05,46.01
C300,2024-04-02 10:50:00,24.55,42.34
D400,2024-04-02 10:50:00,21.53,47.78
A100,2024-04-02 11:00:00,23.61,57.28
B200,2024-04-02 11:00:00,26.49,49.41
C300,2024-04-02 11:00:00,28.54,51.68
D400,2024-04-02 11:00:00,25.69,40.54
A100,2024-04-02 11:10:00,21.65,55.24
B200,2024-04-02 11:10:00,25.64,58.98
C300,2024-04-02 11:10:00,28.29,47.35
D400,2024-04-02 11:10:00,26.88,45.09
A100,2024-04-02 11:20:00,20.03,51.6
B200,2024-04-02 11:20:00,25.91,51.67
C300,2024-04-02 11:20:00,26.39,47.09
D400,2024-04-02 11:20:00,26.55,47.4
A100,2024-04-02 11:30:00,29.97,54.28
B200,2024-04-02 11:30:00,27.94,43.78
C300,2024-04-02 11:30:00,22.95,49.57
D400,2024-04-02 11:30:00,21.1,58.07
A100,2024-04-02 11:40:00,24.14,42.45
B200,2024-04-02 11:40:00,22.76,44.38
C300,2024-04-02 11:40:00,25.86,53.04
D400,2024-04-02 11:40:00,25.62,54.9
A100,2024-04-02 11:50:00,29.49,59.07
B200,2024-04-02 11:50:00,22.88,60.65
C300,2024-04-02 11:50:00,23.5,50.52
D400,2024-04-02 11:50:00,24.18,53.32
A100,2024-04-02 12:00:00,19.33,50.12
B200,2024-04-02 12:00:00,24.74,41.58
C300,2024-04-02 12:00:00,19.74,45.87
D400,2024-04-02 12:00:00,22.15,50.21
A100,2024-04-02 12:10:00,23.67,55.87
B200,2024-04-02 12:10:00,23.05,48.19
C300,2024-04-02 12:10:00,26.51,40.49
D400,2024-04-02 12:10:00,28.43,42.39
A100,2024-04-02 12:20:00,26.55,54.22
B200,2024-04-02 12:20:00,27.91,46.43
C300,2024-04-02 12:20:00,24.11,44.24
D400,2024-04-02 12:20:00,23.85,49.49
A100,2024-04-02 12:30:00,27.88,52.69
B200,2024-04-02 12:30:00,23.92,49.77
C300,2024-04-02 12:30:00,22.85,48.8
D400,2024-04-02 12:30:00,24.21,59.69
A100,2024-04-02 12:40:00,25.0,44.82
B200,2024-04-02 12:40:00,30.52,55.17
C300,2024-04-02 12:40:00,26.43,48.92
D400,2024-04-02 12:40:00,25.99,51.52
A100,2024-04-02 12:50:00,20.6,52.27
B200,2024-04-02 12:50:00,20.86,51.49
C300,2024-04-02 12:50:00,24.98,45.44
D400,2024-04-02 12:50:00,24.29,52.97
A100,2024-04-02 13:00:00,22.72,52.29
B200,2024-04-02 13:00:00,27.18,54.21
C300,2024-04-02 13:00:00,23.23,57.27
D400,2024-04-02 13:00:00,25.88,49.15
A100,2024-04-02 13:10:00,22.46,53.09
B200,2024-04-02 13:10:00,26.71,55.67
C300,2024-04-02 13:10:00,25.54,48.3
D400,2024-04-02 13:10:00,25.42,45.7
A100,2024-04-02 13:20:00,24.73,58.99
B200,2024-04-02 13:20:00,21.48,47.23
C300,2024-04-02 13:20:00,26.37,45.62
D400,2024-04-02 13:20:00,27.84,54.88
A100,2024-04-02 13:30:00,26.54,55.69
B200,2024-04-02 13:30:00,20.77,44.59
C300,2024-04-02 13:30:00,27.3,48.47
D400,2024-04-02 13:30:00,23.82,53.54
A100,2024-04-02 13:40:00,24.38,55.4
B200,2024-04-02 13:40:00,25.45,49.01
C300,2024-04-02 13:40:00,23.76,51.29
D400,2024-04-02 13:40:00,24.97,54.02
A100,2024-04-02 13:50:00,24.41,49.58
B200,2024-04-02 13:50:00,23.55,47.84
C300,2024-04-02 13:50:00,28.01,45.63
D400,2024-04-02 13:50:00,20.85,54.46
A100,2024-04-02 14:00:00,25.2,60.32
B200,2024-04-02 14:00:00,23.79,49.86
C300,2024-04-02 14:00:00,21.94,50.5
D400,2024-04-02 14:00:00,19.67,40.56
A100,2024-04-02 14:10:00,22.64,50.33
B200,2024-04-02 14:10:00,22.53,47.11
C300,2024-04-02 14:10:00,20.23,53.16
D400,2024-04-02 14:10:00,22.22,58.3
A100,2024-04-02 14:20:00,23.83,44.74
B200,2024-04-02 14:20:00,18.24,43.86
C300,2024-04-02 14:20:00,23.84,38.12
D400,2024-04-02 14:20:00,22.02,47.34
A100,2024-04-02 14:30:00,22.15,47.08
B200,2024-04-02 14:30:00,22.84,46.07
C300,2024-04-02 14:30:00,27.67,46.92
D400,2024-04-02 14:30:00,17.43,41.82
A100,2024-04-02 14:40:00,25.5,52.25
B200,2024-04-02 14:40:00,22.69,42.94
C300,2024-04-02 14:40:00,25.78,42.06
D400,2024-04-02 14:40:00,24.93,47.85
A100,2024-04-02 14:50:00,25.25,47.47
B200,2024-04-02 14:50:00,27.65,40.78
C300,2024-04-02 14:50:00,25.44,48.27
D400,2024-04-02 14:50:00,22.24,56.28
A100,2024-04-02 15:00:00,21.46,51.17
B200,2024-04-02 15:00:00,24.31,43.85
C300,2024-04-02 15:00:00,26.06,60.11
D400,2024-04-02 15:00:00,28.05,51.99
A100,2024-04-02 15:10:00,23.43,54.08
B200,2024-04-02 15:10:00,26.42,50.45
C300,2024-04-02 15:10:00,18.03,42.22
D400,2024-04-02 15:10:00,25.15,51.62
A100,2024-04-02 15:20:00,22.85,51.37
B200,2024-04-02 15:20:00,20.34,49.1
C300,2024-04-02 15:20:00,23.16,40.18
D400,2024-04-02 15:20:00,24.22,42.37
A100,2024-04-02 15:30:00,26.19,51.67
B200,2024-04-02 15:30:00,22.33,44.91
C300,2024-04-02 15:30:00,20.52,47.62
D400,2024-04-02 15:30:00,25.93,48.31
A100,2024-04-02 15:40:00,23.57,44.47
B200,2024-04-02 15:40:00,22.74,48.87
C300,2024-04-02 15:40:00,24.31,49.12
D400,2024-04-02 15:40:00,25.12,53.27
A100,2024-04-02 15:50:00,27.82,51.1
B200,2024-04-02 15:50:00,25.05,47.39
C300,2024-04-02 15:50:00,27.85,47.65
D400,2024-04-02 15:50:00,25.51,47.54
A100,2024-04-02 16:00:00,23.64,50.1
B200,2024-04-02 16:00:00,19.12,50.99
C300,2024-04-02 16:00:00,23.8,46.63
D400,2024-04-02 16:00:00,21.49,46.8
A100,2024-04-02 16:10:00,21.34,47.5
B200,2024-04-02 16:10:00,22.33,48.26
C300,2024-04-02 16:10:00,25.9,45.45
D400,2024-04-02 16:10:00,22.54,50.58
A100,2024-04-02 16:20:00,21.55,53.81
B200,2024-04-02 16:20:00,21.59,50.67
C300,2024-04-02 16:20:00,26.65,45.08
D400,2024-04-02 16:20:00,22.0,47.75
A100,2024-04-02 16:30:00,24.05,49.35
B200,2024-04-02 16:30:00,23.96,52.53
C300,2024-04-02 16:30:00,23.53,42.67
D400,2024-04-02 16:30:00,27.18,52.16
A100,2024-04-02 16:40:00,20.82,49.08
B200,2024-04-02 16:40:00,25.96,45.46
C300,2024-04-02 16:40:00,26.31,45.16
D400,2024-04-02 16:40:00,25.07,37.19
A100,2024-04-02 16:50:00,26.36,40.57
B200,2024-04-02 16:50:00,26.98,44.17
C300,2024-04-02 16:50:00,28.71,50.51
D400,2024-04-02 16:50:00,26.54,49.07
A100,2024-04-02 17:00:00,20.19,45.32
B200,2024-04-02 17:00:00,25.17,64.5
C300,2024-04-02 17:00:00,27.61,50.44
D400,2024-04-02 17:00:00,26.36,51.09
A100,2024-04-02 17:10:00,23.42,50.29
B200,2024-04-02 17:10:00,22.58,50.35
C300,2024-04-02 17:10:00,24.9,49.66
D400,2024-04-02 17:10:00,22.8,47.34
A100,2024-04-02 17:20:00,23.3,50.54
B200,2024-04-02 17:20:00,22.77,52.61
C300,2024-04-02 17:20:00,19.91,51.03
D400,2024-04-02 17:20:00,26.42,58.83
A100,2024-04-02 17:30:00,23.8,53.23
B200,2024-04-02 17:30:00,24.51,55.07
C300,2024-04-02 17:30:00,23.38,52.45
D400,2024-04-02 17:30:00,18.57,54.91
A100,2024-04-02 17:40:00,24.3,46.49
B200,2024-04-02 17:40:00,24.67,57.03
C300,2024-04-02 17:40:00,21.59,45.49
D400,2024-04-02 17:40:00,19.91,45.5
A100,2024-04-02 17:50:00,21.6,48.98
B200,2024-04-02 17:50:00,24.1,42.95
C300,2024-04-02 17:50:00,24.78,51.24
D400,2024-04-02 17:50:00,24.56,45.6
A100,2024-04-02 18:00:00,28.8,53.15
B200,2024-04-02 18:00:00,20.64,42.02
C300,2024-04-02 18:00:00,21.97,50.44
D400,2024-04-02 18:00:00,27.61,46.61
A100,2024-04-02 18:10:00,20.12,51.43
B200,2024-04-02 18:10:00,22.82,50.54
C300,2024-04-02 18:10:00,23.59,48.64
D400,2024-04-02 18:10:00,26.56,52.94
A100,2024-04-02 18:20:00,24.53,39.22
B200,2024-04-02 18:20:00,23.36,54.31
C300,2024-04-02 18:20:00,21.56,48.85
D400,2024-04-02 18:20:00,23.86,51.12
A100,2024-04-02 18:30:00,22.97,52.07
B200,2024-04-02 18:30:00,24.95,45.41
C300,2024-04-02 18:30:00,22.02,50.85
D400,2024-04-02 18:30:00,27.66,55.0
A100,2024-04-02 18:40:00,22.58,45.97
B200,2024-04-02 18:40:00,23.05,57.67
C300,2024-04-02 18:40:00,23.96,50.91
D400,2024-04-02 18:40:00,21.94,50.12
A100,2024-04-02 18:50:00,20.2,43.07
B200,2024-04-02 18:50:00,24.2,51.15
C300,2024-04-02 18:50:00,22.95,51.59
D400,2024-04-02 18:50:00,20.77,48.26
A100,2024-04-02 19:00:00,22.4,49.56
B200,2024-04-02 19:00:00,23.24,61.32
C300,2024-04-02 19:00:00,21.62,49.98
D400,2024-04-02 19:00:00,30.97,53.05
A100,2024-04-02 19:10:00,23.9,54.08
B200,2024-04-02 19:10:00,25.58,44.48
C300,2024-04-02 19:10:00,20.13,50.48
D400,2024-04-02 19:10:00,22.8,61.37
A100,2024-04-02 19:20:00,26.8,55.59
B200,2024-04-02 19:20:00,18.07,47.05
C300,2024-04-02 19:20:00,23.97,46.32
D400,2024-04-02 19:20:00,22.44,48.71
A100,2024-04-02 19:30:00,24.31,63.53
B200,2024-04-02 19:30:00,22.32,54.23
C300,2024-04-02 19:30:00,27.66,45.02
D400,2024-04-02 19:30:00,29.03,51.18
A100,2024-04-02 19:40:00,17.76,56.11
B200,2024-04-02 19:40:00,19.96,57.29
C300,2024-04-02 19:40:00,26.43,44.8
D400,2024-04-02 19:40:00,23.02,53.42
A100,2024-04-02 19:50:00,22.61,58.7
B200,2024-04-02 19:50:00,26.29,42.53
C300,2024-04-02 19:50:00,23.56,52.6
D400,2024-04-02 19:50:00,22.05,55.46
A100,2024-04-02 20:00:00,25.54,53.59
B200,2024-04-02 20:00:00,23.21,44.91
C300,2024-04-02 20:00:00,27.04,58.8
D400,2024-04-02 20:00:00,26.58,54.46
A100,2024-04-02 20:10:00,24.16,46.46
B200,2024-04-02 20:10:00,25.85,46.87
C300,2024-04-02 20:10:00,26.5,51.36
D400,2024-04-02 20:10:00,20.31,50.28
A100,2024-04-02 20:20:00,20.89,43.05
B200,2024-04-02 20:20:00,18.46,43.26
C300,2024-04-02 20:20:00,21.03,56.36
D400,2024-04-02 20:20:00,25.43,60.0
A100,2024-04-02 20:30:00,23.51,43.53
B200,2024-04-02 20:30:00,23.98,47.88
C300,2024-04-02 20:30:00,25.06,42.88
D400,2024-04-02 20:30:00,24.12,56.74
A100,2024-04-02 20:40:00,27.41,55.95
B200,2024-04-02 20:40:00,25.38,54.7
C300,2024-04-02 20:40:00,23.9,52.1
D400,2024-04-02 20:40:00,23.68,47.27
A100,2024-04-02 20:50:00,24.64,58.5
B200,2024-04-02 20:50:00,24.7,52.42
C300,2024-04-02 20:50:00,25.94,51.61
D400,2024-04-02 20:50:00,23.45,53.9
A100,2024-04-02 21:00:00,22.17,55.88
B200,2024-04-02 21:00:00,27.15,49.76
C300,2024-04-02 21:00:00,22.34,60.67
D400,2024-04-02 21:00:00,22.25,48.53
A100,2024-04-02 21:10:00,18.98,56.88
B200,2024-04-02 21:10:00,20.41,52.44
C300,2024-04-02 21:10:00,24.76,49.61
D400,2024-04-02 21:10:00,22.64,52.2
A100,2024-04-02 21:20:00,28.36,48.74
B200,2024-04-02 21:20:00,19.86,40.94
C300,2024-04-02 21:20:00,23.53,47.72
D400,2024-04-02 21:20:00,23.57,51.43
A100,2024-04-02 21:30:00,22.79,63.8
B200,2024-04-02 21:30:00,24.96,54.51
C300,2024-04-02 21:30:00,23.61,49.25
D400,2024-04-02 21:30:00,22.52,50.38
A100,2024-04-02 21:40:00,20.19,41.97
B200,2024-04-02 21:40:00,22.45,45.27
C300,2024-04-02 21:40:00,22.45,48.32
D400,2024-04-02 21:40:00,23.28,54.06
A100,2024-04-02 21:50:00,25.93,49.86
B200,2024-04-02 21:50:00,28.96,47.67
C300,2024-04-02 21:50:00,26.08,52.53
D400,2024-04-02 21:50:00,23.46,49.35
A100,2024-04-02 22:00:00,22.9,53.79
B200,2024-04-02 22:00:00,27.12,50.18
C300,2024-04-02 22:00:00,19.33,52.73
D400,2024-04-02 22:00:00,23.55,44.72
A100,2024-04-02 22:10:00,24.19,48.26
B200,2024-04-02 22:10:00,21.26,48.89
C300,2024-04-02 22:10:00,27.53,50.71
D400,2024-04-02 22:10:00,24.06,52.23
A100,2024-04-02 22:20:00,24.59,48.6
B200,2024-04-02 22:20:00,24.49,50.42
C300,2024-04-02 22:20:00,18.63,52.65
D400,2024-04-02 22:20:00,24.11,52.71
A100,2024-04-02 22:30:00,23.95,48.25
B200,2024-04-02 22:30:00,21.62,50.81
C300,2024-04-02 22:30:00,24.39,56.75
D400,2024-04-02 22:30:00,22.79,55.38
A100,2024-04-02 22:40:00,25.99,46.15
B200,2024-04-02 22:40:00,20.54,55.07
C300,2024-04-02 22:40:00,25.15,54.1
D400,2024-04-02 22:40:00,24.37,44.89
A100,2024-04-02 22:50:00,24.45,53.26
B200,2024-04-02 22:50:00,18.43,52.4
C300,2024-04-02 22:50:00,26.07,54.66
D400,2024-04-02 22:50:00,25.14,47.9
A100,2024-04-02 23:00:00,23.84,42.61
B200,2024-04-02 23:00:00,26.63,53.96
C300,2024-04-02 23:00:00,23.16,52.98
D400,2024-04-02 23:00:00,25.55,44.51
A100,2024-04-02 23:10:00,29.09,45.8
B200,2024-04-02 23:10:00,18.7,52.01
C300,2024-04-02 23:10:00,24.84,48.03
D400,2024-04-02 23:10:00,24.53,46.08
A100,2024-04-02 23:20:00,19.73,54.88
B200,2024-04-02 23:20:00,24.76,48.14
C300,2024-04-02 23:20:00,28.36,48.53
D400,2024-04-02 23:20:00,25.48,45.1
A100,2024-04-02 23:30:00,18.48,53.07
B200,2024-04-02 23:30:00,25.46,59.57
C300,2024-04-02 23:30:00,21.19,41.61
D400,2024-04-02 23:30:00,22.46,52.77
A100,2024-04-02 23:40:00,18.53,50.4
B200,2024-04-02 23:40:00,22.84,48.0
C300,2024-04-02 23:40:00,21.81,55.55
D400,2024-04-02 23:40:00,20.01,54.74
A100,2024-04-02 23:50:00,25.21,47.61
B200,2024-04-02 23:50:00,27.85,40.56
C300,2024-04-02 23:50:00,26.5,44.5
D400,2024-04-02 23:50:00,22.86,51.56
A100,2024-04-03 00:00:00,26.62,45.22
B200,2024-04-03 00:00:00,25.43,47.81
C300,2024-04-03 00:00:00,21.86,41.78
D400,2024-04-03 00:00:00,23.05,43.6
A100,2024-04-03 00:10:00,20.94,47.57
B200,2024-04-03 00:10:00,23.41,47.26
C300,2024-04-03 00:10:00,24.17,58.43
D400,2024-04-03 00:10:00,22.32,45.53
A100,2024-04-03 00:20:00,21.66,36.07
B200,2024-04-03 00:20:00,22.41,58.91
C300,2024-04-03 00:20:00,24.17,47.98
D400,2024-04-03 00:20:00,25.31,47.85
A100,2024-04-03 00:30:00,27.1,49.37
B200,2024-04-03 00:30:00,27.5,51.31
C300,2024-04-03 00:30:00,25.32,49.24
D400,2024-04-03 00:30:00,26.42,58.48
A100,2024-04-03 00:40:00,25.34,49.09
B200,2024-04-03 00:40:00,26.44,47.65
C300,2024-04-03 00:40:00,27.54,47.46
D400,2024-04-03 00:40:00,23.82,54.35
A100,2024-04-03 00:50:00,18.89,51.57
B200,2024-04-03 00:50:00,24.4,47.67
C300,2024-04-03 00:50:00,23.19,45.77
D400,2024-04-03 00:50:00,21.6,47.93
A100,2024-04-03 01:00:00,21.51,52.55
B200,2024-04-03 01:00:00,22.2,53.99
C300,2024-04-03 01:00:00,21.63,43.56
D400,2024-04-03 01:00:00,23.45,44.21
A100,2024-04-03 01:10:00,23.66,46.06
B200,2024-04-03 01:10:00,20.85,43.76
C300,2024-04-03 01:10:00,26.93,53.51
D400,2024-04-03 01:10:00,20.72,46.04
A100,2024-04-03 01:20:00,27.72,49.85
B200,2024-04-03 01:20:00,23.14,50.54
C300,2024-04-03 01:20:00,24.66,49.95
D400,2024-04-03 01:20:00,21.99,40.06
A100,2024-04-03 01:30:00,23.95,40.75
B200,2024-04-03 01:30:00,22.78,46.72
C300,2024-04-03 01:30:00,22.19,52.12
D400,2024-04-03 01:30:00,23.47,52.37
A100,2024-04-03 01:40:00,19.51,53.78
B200,2024-04-03 01:40:00,26.3,49.75
C300,2024-04-03 01:40:00,28.84,53.38
D400,2024-04-03 01:40:00,23.91,57.16
A100,2024-04-03 01:50:00,24.21,45.38
B200,2024-04-03 01:50:00,26.03,57.57
C300,2024-04-03 01:50:00,20.16,47.68
D400,2024-04-03 01:50:00,22.73,43.62
A100,2024-04-03 02:00:00,23.29,46.09
B200,2024-04-03 02:00:00,25.05,52.47
C300,2024-04-03 02:00:00,24.35,51.06
D400,2024-04-03 02:00:00,27.76,60.08
A100,2024-04-03 02:10:00,25.52,47.47
B200,2024-04-03 02:10:00,24.7,50.15
C300,2024-04-03 02:10:00,25.71,45.58
D400,2024-04-03 02:10:00,25.86,50.41
A100,2024-04-03 02:20:00,23.79,49.78
B200,2024-04-03 02:20:00,27.37,63.68
C300,2024-04-03 02:20:00,24.3,46.34
D400,2024-04-03 02:20:00,23.97,51.54
A100,2024-04-03 02:30:00,24.4,50.85
B200,2024-04-03 02:30:00,23.56,56.74
C300,2024-04-03 02:30:00,23.33,54.02
D400,2024-04-03 02:30:00,20.22,47.17
A100,2024-04-03 02:40:00,24.73,49.84
B200,2024-04-03 02:40:00,27.04,51.35
C300,2024-04-03 02:40:00,27.31,52.43
D400,2024-04-03 02:40:00,21.96,49.04
A100,2024-04-03 02:50:00,23.68,56.39
B200,2024-04-03 02:50:00,23.38,49.32
C300,2024-04-03 02:50:00,23.0,50.61
D400,2024-04-03 02:50:00,25.63,53.51
A100,2024-04-03 03:00:00,23.22,39.99
B200,2024-04-03 03:00:00,24.69,50.51
C300,2024-04-03 03:00:00,24.38,50.03
D400,2024-04-03 03:00:00,24.76,39.92
A100,2024-04-03 03:10:00,24.36,45.03
B200,2024-04-03 03:10:00,26.96,50.62
C300,2024-04-03 03:10:00,22.19,44.09
D400,2024-04-03 03:10:00,21.86,46.79
A100,2024-04-03 03:20:00,24.1,44.03
B200,2024-04-03 03:20:00,24.6,55.01
C300,2024-04-03 03:20:00,26.76,48.08
D400,2024-04-03 03:20:00,23.93,46.69
A100,2024-04-03 03:30:00,20.98,47.31
B200,2024-04-03 03:30:00,19.49,40.12
C300,2024-04-03 03:30:00,24.76,51.26
D400,2024-04-03 03:30:00,27.05,57.18
A100,2024-04-03 03:40:00,24.46,45.28
B200,2024-04-03 03:40:00,21.63,44.8
C300,2024-04-03 03:40:00,24.63,46.24
D400,2024-04-03 03:40:00,20.49,52.1
A100,2024-04-03 03:50:00,26.15,46.27
B200,2024-04-03 03:50:00,23.91,57.31
C300,2024-04-03 03:50:00,26.33,45.39
D400,2024-04-03 03:50:00,27.89,53.59
A100,2024-04-03 04:00:00,28.06,49.1
B200,2024-04-03 04:00:00,21.86,49.8
C300,2024-04-03 04:00:00,20.47,54.14
D400,2024-04-03 04:00:00,22.62,51.95
A100,2024-04-03 04:10:00,29.41,47.56
B200,2024-04-03 04:10:00,24.0,47.66
C300,2024-04-03 04:10:00,23.64,48.83
D400,2024-04-03 04:10:00,26.5,54.44
A100,2024-04-03 04:20:00,23.43,50.6
B200,2024-04-03 04:20:00,23.16,57.08
C300,2024-04-03 04:20:00,17.62,46.08
D400,2024-04-03 04:20:00,25.06,54.22
A100,2024-04-03 04:30:00,27.17,50.0
B200,2024-04-03 04:30:00,22.52,49.86
C300,2024-04-03 04:30:00,26.42,46.93
D400,2024-04-03 04:30:00,23.85,48.5
A100,2024-04-03 04:40:00,27.12,44.19
B200,2024-04-03 04:40:00,17.69,49.38
C300,2024-04-03 04:40:00,25.55,47.45
D400,2024-04-03 04:40:00,19.41,53.25
A100,2024-04-03 04:50:00,22.89,51.13
B200,2024-04-03 04:50:00,23.26,38.95
C300,2024-04-03 04:50:00,24.81,52.85
D400,2024-04-03 04:50:00,23.51,44.36
A100,2024-04-03 05:00:00,28.6,51.95
B200,2024-04-03 05:00:00,20.58,61.5
C300,2024-04-03 05:00:00,22.47,56.66
D400,2024-04-03 05:00:00,25.64,51.78
A100,2024-04-03 05:10:00,27.48,40.88
B200,2024-04-03 05:10:00,25.43,48.31
C300,2024-04-03 05:10:00,30.02,40.35
D400,2024-04-03 05:10:00,24.78,51.91
A100,2024-04-03 05:20:00,22.5,48.7
B200,2024-04-03 05:20:00,22.84,45.14
C300,2024-04-03 05:20:00,21.67,49.2
D400,2024-04-03 05:20:00,25.69,46.72
A100,2024-04-03 05:30:00,18.15,49.53
B200,2024-04-03 05:30:00,24.71,48.78
C300,2024-04-03 05:30:00,24.11,54.61
D400,2024-04-03 05:30:00,23.83,54.08
A100,2024-04-03 05:40:00,24.78,45.3
B200,2024-04-03 05:40:00,26.79,43.26
C300,2024-04-03 05:40:00,18.77,50.5
D400,2024-04-03 05:40:00,25.5,52.65
A100,2024-04-03 05:50:00,20.98,50.73
B200,2024-04-03 05:50:00,19.85,51.75
C300,2024-04-03 05:50:00,24.22,52.72
D400,2024-04-03 05:50:00,25.97,52.66
A100,2024-04-03 06:00:00,20.67,47.45
B200,2024-04-03 06:00:00,21.15,37.3
C300,2024-04-03 06:00:00,25.86,53.18
D400,2024-04-03 06:00:00,21.69,46.08
A100,2024-04-03 06:10:00,23.92,47.25
B200,2024-04-03 06:10:00,26.75,48.07
C300,2024-04-03 06:10:00,21.89,52.16
D400,2024-04-03 06:10:00,21.73,53.53
A100,2024-04-03 06:20:00,23.85,54.55
B200,2024-04-03 06:20:00,26.49,43.48
C300,2024-04-03 06:20:00,24.16,49.77
D400,2024-04-03 06:20:00,23.71,55.8
A100,2024-04-03 06:30:00,23.96,43.07
B200,2024-04-03 06:30:00,22.85,46.5
C300,2024-04-03 06:30:00,22.97,49.93
D400,2024-04-03 06:30:00,22.25,53.06
A100,2024-04-03 06:40:00,27.8,50.88
B200,2024-04-03 06:40:00,25.97,45.03
C300,2024-04-03 06:40:00,26.14,56.85
D400,2024-04-03 06:40:00,27.06,47.08
A100,2024-04-03 06:50:00,27.1,58.8
B200,2024-04-03 06:50:00,22.6,53.51
C300,2024-04-03 06:50:00,22.56,43.22
D400,2024-04-03 06:50:00,23.46,47.19
A100,2024-04-03 07:00:00,23.66,37.08
B200,2024-04-03 07:00:00,24.96,48.84
C300,2024-04-03 07:00:00,25.88,47.71
D400,2024-04-03 07:00:00,28.33,47.81
A100,2024-04-03 07:10:00,24.28,45.09
B200,2024-04-03 07:10:00,24.24,51.34
C300,2024-04-03 07:10:00,22.58,53.8
D400,2024-04-03 07:10:00,22.6,55.67
A100,2024-04-03 07:20:00,20.57,49.67
B200,2024-04-03 07:20:00,30.57,38.03
C300,2024-04-03 07:20:00,26.38,51.58
D400,2024-04-03 07:20:00,23.23,55.5
A100,2024-04-03 07:30:00,25.07,48.52
B200,2024-04-03 07:30:00,22.16,47.88
C300,2024-04-03 07:30:00,23.38,49.12
D400,2024-04-03 07:30:00,22.01,50.75
A100,2024-04-03 07:40:00,22.37,50.68
B200,2024-04-03 07:40:00,28.78,54.27
C300,2024-04-03 07:40:00,23.9,44.09
D400,2024-04-03 07:40:00,24.35,58.93
A100,2024-04-03 07:50:00,21.48,39.03
B200,2024-04-03 07:50:00,24.79,57.69
C300,2024-04-03 07:50:00,27.04,58.28
D400,2024-04-03 07:50:00,20.78,48.01
A100,2024-04-03 08:00:00,24.92,38.45
B200,2024-04-03 08:00:00,23.93,47.34
C300,2024-04-03 08:00:00,23.38,51.34
D400,2024-04-03 08:00:00,23.16,44.55
A100,2024-04-03 08:10:00,25.76,44.5
B200,2024-04-03 08:10:00,23.72,45.84
C300,2024-04-03 08:10:00,25.71,42.13
D400,2024-04-03 08:10:00,23.75,51.54
A100,2024-04-03 08:20:00,24.69,55.37
B200,2024-04-03 08:20:00,26.07,52.26
C300,2024-04-03 08:20:00,19.02,52.88
D400,2024-04-03 08:20:00,27.02,46.12
A100,2024-04-03 08:30:00,26.9,54.52
B200,2024-04-03 08:30:00,22.24,47.36
C300,2024-04-03 08:30:00,21.6,55.3
D400,2024-04-03 08:30:00,22.29,46.67
A100,2024-04-03 08:40:00,23.41,44.37
B200,2024-04-03 08:40:00,25.22,48.52
C300,2024-04-03 08:40:00,26.74,54.26
D400,2024-04-03 08:40:00,28.08,42.16
A100,2024-04-03 08:50:00,20.81,50.02
B200,2024-04-03 08:50:00,24.29,48.55
C300,2024-04-03 08:50:00,28.1,48.0
D400,2024-04-03 08:50:00,25.17,51.68
A100,2024-04-03 09:00:00,22.49,52.33
B200,2024-04-03 09:00:00,23.99,56.19
C300,2024-04-03 09:00:00,26.91,37.4
D400,2024-04-03 09:00:00,20.16,49.27
A100,2024-04-03 09:10:00,26.16,50.62
B200,2024-04-03 09:10:00,25.04,63.95
C300,2024-04-03 09:10:00,22.44,52.21
D400,2024-04-03 09:10:00,24.41,54.29
A100,2024-04-03 09:20:00,26.38,52.78
B200,2024-04-03 09:20:00,27.5,56.7
C300,2024-04-03 09:20:00,25.04,49.47
D400,2024-04-03 09:20:00,24.72,41.7
A100,2024-04-03 09:30:00,22.69,45.17
B200,2024-04-03 09:30:00,26.23,56.75
C300,2024-04-03 09:30:00,25.65,49.35
D400,2024-04-03 09:30:00,22.15,54.38
A100,2024-04-03 09:40:00,26.61,49.52
B200,2024-04-03 09:40:00,24.15,48.25
C300,2024-04-03 09:40:00,25.04,48.06
D400,2024-04-03 09:40:00,23.8,44.15
A100,2024-04-03 09:50:00,24.66,58.76
B200,2024-04-03 09:50:00,24.87,55.21
C300,2024-04-03 09:50:00,25.91,49.39
D400,2024-04-03 09:50:00,23.97,47.26
A100,2024-04-03 10:00:00,26.45,52.34
B200,2024-04-03 10:00:00,26.51,50.54
C300,2024-04-03 10:00:00,19.53,46.39
D400,2024-04-03 10:00:00,26.5,49.02
A100,2024-04-03 10:10:00,26.66,57.05
B200,2024-04-03 10:10:00,26.32,54.46
C300,2024-04-03 10:10:00,17.28,48.83
D400,2024-04-03 10:10:00,23.98,54.47
A100,2024-04-03 10:20:00,24.28,42.52
B200,2024-04-03 10:20:00,20.32,47.58
C300,2024-04-03 10:20:00,30.72,51.4
D400,2024-04-03 10:20:00,25.28,42.63
A100,2024-04-03 10:30:00,26.76,48.41
B200,2024-04-03 10:30:00,27.76,43.79
C300,2024-04-03 10:30:00,23.77,47.44
D400,2024-04-03 10:30:00,25.59,54.9
A100,2024-04-03 10:40:00,22.43,54.03
B200,2024-04-03 10:40:00,27.55,54.9
C300,2024-04-03 10:40:00,22.57,47.88
D400,2024-04-03 10:40:00,23.47,54.73
A100,2024-04-03 10:50:00,25.07,43.71
B200,2024-04-03 10:50:00,23.96,58.18
C300,2024-04-03 10:50:00,26.46,47.0
D400,2024-04-03 10:50:00,20.16,47.51
A100,2024-04-03 11:00:00,23.99,47.94
B200,2024-04-03 11:00:00,21.55,52.93
C300,2024-04-03 11:00:00,18.03,55.61
D400,2024-04-03 11:00:00,25.89,52.13
A100,2024-04-03 11:10:00,25.49,48.58
B200,2024-04-03 11:10:00,23.93,57.35
C300,2024-04-03 11:10:00,23.62,51.92
D400,2024-04-03 11:10:00,25.32,50.53
A100,2024-04-03 11:20:00,23.46,41.27
B200,2024-04-03 11:20:00,26.04,55.39
C300,2024-04-03 11:20:00,24.18,56.22
D400,2024-04-03 11:20:00,24.95,40.2
A100,2024-04-03 11:30:00,21.36,47.55
B200,2024-04-03 11:30:00,22.47,50.37
C300,2024-04-03 11:30:00,21.71,58.52
D400,2024-04-03 11:30:00,18.62,49.6
A100,2024-04-03 11:40:00,22.13,43.48
B200,2024-04-03 11:40:00,25.47,44.94
C300,2024-04-03 11:40:00,24.1,45.24
D400,2024-04-03 11:40:00,19.24,48.89
A100,2024-04-03 11:50:00,24.76,47.01
B200,2024-04-03 11:50:00,27.29,51.48
C300,2024-04-03 11:50:00,25.81,46.71
D400,2024-04-03 11:50:00,22.42,48.3
A100,2024-04-03 12:00:00,23.12,47.69
B200,2024-04-03 12:00:00,21.23,53.95
C300,2024-04-03 12:00:00,20.33,53.13
D400,2024-04-03 12:00:00,26.07,48.57
A100,2024-04-03 12:10:00,30.34,50.05
B200,2024-04-03 12:10:00,23.27,48.77
C300,2024-04-03 12:10:00,26.71,48.67
D400,2024-04-03 12:10:00,25.59,43.24
A100,2024-04-03 12:20:00,24.37,54.93
B200,2024-04-03 12:20:00,23.9,46.22
C300,2024-04-03 12:20:00,23.29,42.88
D400,2024-04-03 12:20:00,26.28,56.1
A100,2024-04-03 12:30:00,23.68,57.57
B200,2024-04-03 12:30:00,25.85,50.09
C300,2024-04-03 12:30:00,27.36,53.56
D400,2024-04-03 12:30:00,26.97,56.96
A100,2024-04-03 12:40:00,23.4,53.45
B200,2024-04-03 12:40:00,19.17,44.19
C300,2024-04-03 12:40:00,25.26,51.82
D400,2024-04-03 12:40:00,21.63,48.11
A100,2024-04-03 12:50:00,24.89,49.98
B200,2024-04-03 12:50:00,23.43,42.95
C300,2024-04-03 12:50:00,24.88,49.05
D400,2024-04-03 12:50:00,29.43,57.02
A100,2024-04-03 13:00:00,24.34,40.3
B200,2024-04-03 13:00:00,30.06,54.08
C300,2024-04-03 13:00:00,22.62,54.43
D400,2024-04-03 13:00:00,25.99,46.72
A100,2024-04-03 13:10:00,21.67,53.71
B200,2024-04-03 13:10:00,26.69,51.61
C300,2024-04-03 13:10:00,24.64,56.77
D400,2024-04-03 13:10:00,23.62,35.56
A100,2024-04-03 13:20:00,25.34,55.76
B200,2024-04-03 13:20:00,25.19,43.61
C300,2024-04-03 13:20:00,22.4,49.3
D400,2024-04-03 13:20:00,20.69,47.12
A100,2024-04-03 13:30:00,27.49,45.03
B200,2024-04-03 13:30:00,23.26,53.58
C300,2024-04-03 13:30:00,19.98,56.78
D400,2024-04-03 13:30:00,22.46,44.73
A100,2024-04-03 13:40:00,27.47,54.36
B200,2024-04-03 13:40:00,21.44,48.09
C300,2024-04-03 13:40:00,24.71,48.37
D400,2024-04-03 13:40:00,27.21,54.32
A100,2024-04-03 13:50:00,16.49,45.87
B200,2024-04-03 13:50:00,22.65,47.65
C300,2024-04-03 13:50:00,25.12,55.67
D400,2024-04-03 13:50:00,22.4,44.37
A100,2024-04-03 14:00:00,23.19,39.17
B200,2024-04-03 14:00:00,25.74,49.37
C300,2024-04-03 14:00:00,22.96,51.09
D400,2024-04-03 14:00:00,21.71,48.25
A100,2024-04-03 14:10:00,22.3,40.53
B200,2024-04-03 14:10:00,23.98,62.59
C300,2024-04-03 14:10:00,24.07,46.13
D400,2024-04-03 14:10:00,24.14,44.53
A100,2024-04-03 14:20:00,22.51,47.87
B200,2024-04-03 14:20:00,22.61,48.53
C300,2024-04-03 14:20:00,25.73,47.97
D400,2024-04-03 14:20:00,23.26,40.41
A100,2024-04-03 14:30:00,20.69,50.41
B200,2024-04-03 14:30:00,26.85,49.06
C300,2024-04-03 14:30:00,23.82,42.91
D400,2024-04-03 14:30:00,21.95,51.19
A100,2024-04-03 14:40:00,27.01,51.01
B200,2024-04-03 14:40:00,23.67,51.29
C300,2024-04-03 14:40:00,21.47,45.34
D400,2024-04-03 14:40:00,23.42,44.22
A100,2024-04-03 14:50:00,25.75,54.7
B200,2024-04-03 14:50:00,23.32,53.78
C300,2024-04-03 14:50:00,27.72,52.02
D400,2024-04-03 14:50:00,26.24,49.62
A100,2024-04-03 15:00:00,26.25,49.37
B200,2024-04-03 15:00:00,22.26,53.47
C300,2024-04-03 15:00:00,24.55,53.9
D400,2024-04-03 15:00:00,22.15,51.59
A100,2024-04-03 15:10:00,26.36,47.77
B200,2024-04-03 15:10:00,26.0,57.86
C300,2024-04-03 15:10:00,22.53,51.33
D400,2024-04-03 15:10:00,28.39,42.82
A100,2024-04-03 15:20:00,25.01,53.46
B200,2024-04-03 15:20:00,24.05,61.19
C300,2024-04-03 15:20:00,25.23,56.72
D400,2024-04-03 15:20:00,26.08,57.47
A100,2024-04-03 15:30:00,24.44,43.47
B200,2024-04-03 15:30:00,25.37,41.57
C300,2024-04-03 15:30:00,23.17,47.67
D400,2024-04-03 15:30:00,23.03,56.32
A100,2024-04-03 15:40:00,23.94,60.28
B200,2024-04-03 15:40:00,23.84,39.31
C300,2024-04-03 15:40:00,22.52,54.25
D400,2024-04-03 15:40:00,20.63,48.22
A100,2024-04-03 15:50:00,26.04,48.42
B200,2024-04-03 15:50:00,22.61,56.27
C300,2024-04-03 15:50:00,23.43,44.79
D400,2024-04-03 15:50:00,26.08,55.68
A100,2024-04-03 16:00:00,24.45,47.1
B200,2024-04-03 16:00:00,21.78,47.23
C300,2024-04-03 16:00:00,20.85,47.54
D400,2024-04-03 16:00:00,25.37,53.68
A100,2024-04-03 16:10:00,24.07,51.91
B200,2024-04-03 16:10:00,23.41,46.35
C300,2024-04-03 16:10:00,23.14,55.62
D400,2024-04-03 16:10:00,18.31,44.27
A100,2024-04-03 16:20:00,22.82,44.44
B200,2024-04-03 16:20:00,25.1,42.33
C300,2024-04-03 16:20:00,27.01,59.78
D400,2024-04-03 16:20:00,24.62,46.91
A100,2024-04-03 16:30:00,26.32,48.59
B200,2024-04-03 16:30:00,21.86,50.26
C300,2024-04-03 16:30:00,20.06,46.3
D400,2024-04-03 16:30:00,22.09,49.53
A100,2024-04-03 16:40:00,20.03,45.37
B200,2024-04-03 16:40:00,22.72,52.37
C300,2024-04-03 16:40:00,24.01,58.17
D400,2024-04-03 16:40:00,21.74,54.42
A100,2024-04-03 16:50:00,26.21,50.9
B200,2024-04-03 16:50:00,24.35,51.32
C300,2024-04-03 16:50:00,21.65,54.8
D400,2024-04-03 16:50:00,24.19,43.99
A100,2024-04-03 17:00:00,26.98,49.46
B200,2024-04-03 17:00:00,24.13,37.45
C300,2024-04-03 17:00:00,23.79,56.35
D400,2024-04-03 17:00:00,22.43,43.56
A100,2024-04-03 17:10:00,25.14,41.29
B200,2024-04-03 17:10:00,25.5,48.98
C300,2024-04-03 17:10:00,24.2,61.82
D400,2024-04-03 17:10:00,24.63,43.31
A100,2024-04-03 17:20:00,24.29,53.72
B200,2024-04-03 17:20:00,18.95,49.94
C300,2024-04-03 17:20:00,19.67,50.12
D400,2024-04-03 17:20:00,27.86,47.83
A100,2024-04-03 17:30:00,24.2,51.4
B200,2024-04-03 17:30:00,24.86,50.74
C300,2024-04-03 17:30:00,18.98,50.92
D400,2024-04-03 17:30:00,22.41,44.3
A100,2024-04-03 17:40:00,24.5,50.7
B200,2024-04-03 17:40:00,19.57,48.0
C300,2024-04-03 17:40:00,27.35,43.71
D400,2024-04-03 17:40:00,24.42,43.97
A100,2024-04-03 17:50:00,28.1,53.49
B200,2024-04-03 17:50:00,21.93,51.07
C300,2024-04-03 17:50:00,20.57,40.94
D400,2024-04-03 17:50:00,23.76,46.21
A100,2024-04-03 18:00:00,24.5,41.62
B200,2024-04-03 18:00:00,22.61,57.65
C300,2024-04-03 18:00:00,27.58,58.36
D400,2024-04-03 18:00:00,29.65,47.98
A100,2024-04-03 18:10:00,17.05,55.52
B200,2024-04-03 18:10:00,21.21,60.3
C300,2024-04-03 18:10:00,24.21,58.18
D400,2024-04-03 18:10:00,23.61,46.6
A100,2024-04-03 18:20:00,25.82,52.45
B200,2024-04-03 18:20:00,21.14,49.83
C300,2024-04-03 18:20:00,22.56,51.02
D400,2024-04-03 18:20:00,23.91,50.68
A100,2024-04-03 18:30:00,24.04,48.24
B200,2024-04-03 18:30:00,24.9,46.21
C300,2024-04-03 18:30:00,28.12,49.92
D400,2024-04-03 18:30:00,26.11,47.33
A100,2024-04-03 18:40:00,22.94,54.61
B200,2024-04-03 18:40:00,25.9,49.39
C300,2024-04-03 18:40:00,19.54,47.38
D400,2024-04-03 18:40:00,23.78,46.59
A100,2024-04-03 18:50:00,20.82,54.27
B200,2024-04-03 18:50:00,23.55,59.04
C300,2024-04-03 18:50:00,23.58,50.89
D400,2024-04-03 18:50:00,22.53,57.56
A100,2024-04-03 19:00:00,23.24,48.99
B200,2024-04-03 19:00:00,21.62,51.9
C300,2024-04-03 19:00:00,23.18,45.15
D400,2024-04-03 19:00:00,23.88,53.62
A100,2024-04-03 19:10:00,28.12,51.18
B200,2024-04-03 19:10:00,22.62,52.28
C300,2024-04-03 19:10:00,23.65,50.28
D400,2024-04-03 19:10:00,23.99,52.31
A100,2024-04-03 19:20:00,25.49,49.75
B200,2024-04-03 19:20:00,32.79,54.59
C300,2024-04-03 19:20:00,18.8,48.27
D400,2024-04-03 19:20:00,23.95,53.05
A100,2024-04-03 19:30:00,28.59,46.4
B200,2024-04-03 19:30:00,26.88,51.02
C300,2024-04-03 19:30:00,24.82,55.97
D400,2024-04-03 19:30:00,19.84,52.67
A100,2024-04-03 19:40:00,28.13,44.71
B200,2024-04-03 19:40:00,24.01,53.39
C300,2024-04-03 19:40:00,19.11,51.68
D400,2024-04-03 19:40:00,23.35,57.01
A100,2024-04-03 19:50:00,22.15,49.79
B200,2024-04-03 19:50:00,21.99,49.4
C300,2024-04-03 19:50:00,22.21,48.07
D400,2024-04-03 19:50:00,21.13,46.52
A100,2024-04-03 20:00:00,22.12,47.71
B200,2024-04-03 20:00:00,23.71,35.48
C300,2024-04-03 20:00:00,24.36,56.2
D400,2024-04-03 20:00:00,25.88,45.67
A100,2024-04-03 20:10:00,26.56,45.96
B200,2024-04-03 20:10:00,24.73,37.92
C300,2024-04-03 20:10:00,25.52,50.03
D400,2024-04-03 20:10:00,24.35,50.09
A100,2024-04-03 20:20:00,28.67,54.37
B200,2024-04-03 20:20:00,25.79,52.78
C300,2024-04-03 20:20:00,29.01,48.74
D400,2024-04-03 20:20:00,20.53,58.58
A100,2024-04-03 20:30:00,22.81,52.48
B200,2024-04-03 20:30:00,25.3,46.33
C300,2024-04-03 20:30:00,20.47,55.33
D400,2024-04-03 20:30:00,27.17,53.17
A100,2024-04-03 20:40:00,25.01,43.01
B200,2024-04-03 20:40:00,23.17,56.07
C300,2024-04-03 20:40:00,22.05,50.66
D400,2024-04-03 20:40:00,25.15,52.57
A100,2024-04-03 20:50:00,21.44,49.41
B200,2024-04-03 20:50:00,26.11,59.3
C300,2024-04-03 20:50:00,23.46,52.06
D400,2024-04-03 20:50:00,21.1,48.79
A100,2024-04-03 21:00:00,22.75,59.69
B200,2024-04-03 21:00:00,25.83,50.47
C300,2024-04-03 21:00:00,19.24,51.54
D400,2024-04-03 21:00:00,24.8,48.87
A100,2024-04-03 21:10:00,24.12,59.01
B200,2024-04-03 21:10:00,26.37,45.57
C300,2024-04-03 21:10:00,28.88,46.03
D400,2024-04-03 21:10:00,28.04,46.38
A100,2024-04-03 21:20:00,23.62,39.44
B200,2024-04-03 21:20:00,25.32,40.19
C300,2024-04-03 21:20:00,24.52,47.83
D400,2024-04-03 21:20:00,22.94,51.97
A100,2024-04-03 21:30:00,26.05,56.54
B200,2024-04-03 21:30:00,21.08,48.44
C300,2024-04-03 21:30:00,23.88,53.01
D400,2024-04-03 21:30:00,25.46,45.78
A100,2024-04-03 21:40:00,27.0,52.05
B200,2024-04-03 21:40:00,28.47,51.59
C300,2024-04-03 21:40:00,18.99,45.88
D400,2024-04-03 21:40:00,23.6,45.78
A100,2024-04-03 21:50:00,21.8,59.52
B200,2024-04-03 21:50:00,20.88,47.35
C300,2024-04-03 21:50:00,24.17,43.42
D400,2024-04-03 21:50:00,23.59,38.18
A100,2024-04-03 22:00:00,22.62,44.41
B200,2024-04-03 22:00:00,23.23,49.72
C300,2024-04-03 22:00:00,27.37,46.95
D400,2024-04-03 22:00:00,29.34,51.06
A100,2024-04-03 22:10:00,21.64,50.68
B200,2024-04-03 22:10:00,27.09,44.66
C300,2024-04-03 22:10:00,28.86,52.66
D400,2024-04-03 22:10:00,21.14,47.39
A100,2024-04-03 22:20:00,22.96,55.54
B200,2024-04-03 22:20:00,21.05,57.7
C300,2024-04-03 22:20:00,26.85,58.32
D400,2024-04-03 22:20:00,24.15,56.17
A100,2024-04-03 22:30:00,23.4,55.11
B200,2024-04-03 22:30:00,24.22,59.01
C300,2024-04-03 22:30:00,24.67,45.78
D400,2024-04-03 22:30:00,27.78,51.04
A100,2024-04-03 22:40:00,22.66,47.08
B200,2024-04-03 22:40:00,21.77,42.84
C300,2024-04-03 22:40:00,22.94,51.02
D400,2024-04-03 22:40:00,23.05,31.09
A100,2024-04-03 22:50:00,20.16,54.7
B200,2024-04-03 22:50:00,23.71,41.47
C300,2024-04-03 22:50:00,23.11,50.62
D400,2024-04-03 22:50:00,26.39,46.57
A100,2024-04-03 23:00:00,25.59,49.89
B200,2024-04-03 23:00:00,23.07,54.37
C300,2024-04-03 23:00:00,21.64,54.74
D400,2024-04-03 23:00:00,21.15,47.12
A100,2024-04-03 23:10:00,23.04,49.45
B200,2024-04-03 23:10:00,17.64,50.53
C300,2024-04-03 23:10:00,19.43,50.84
D400,2024-04-03 23:10:00,24.69,54.88
A100,2024-04-03 23:20:00,20.66,51.15
B200,2024-04-03 23:20:00,23.88,47.16
C300,2024-04-03 23:20:00,21.31,50.4
D400,2024-04-03 23:20:00,27.34,48.8
A100,2024-04-03 23:30:00,27.13,55.73
B200,2024-04-03 23:30:00,18.65,45.7
C300,2024-04-03 23:30:00,22.63,56.62
D400,2024-04-03 23:30:00,23.95,56.45
A100,2024-04-03 23:40:00,23.66,56.59
B200,2024-04-03 23:40:00,25.13,49.52
C300,2024-04-03 23:40:00,26.94,47.48
D400,2024-04-03 23:40:00,29.05,42.69
A100,2024-04-03 23:50:00,22.92,50.5
B200,2024-04-03 23:50:00,22.15,51.97
C300,2024-04-03 23:50:00,23.7,51.65
D400,2024-04-03 23:50:00,21.78,44.92
A100,2024-04-04 00:00:00,23.93,53.65
B200,2024-04-04 00:00:00,28.61,40.86
C300,2024-04-04 00:00:00,23.51,52.21
D400,2024-04-04 00:00:00,24.91,43.9
A100,2024-04-04 00:10:00,22.18,49.93
B200,2024-04-04 00:10:00,30.71,54.72
C300,2024-04-04 00:10:00,24.88,36.53
D400,2024-04-04 00:10:00,20.71,43.86
A100,2024-04-04 00:20:00,24.9,49.32
B200,2024-04-04 00:20:00,22.41,51.67
C300,2024-04-04 00:20:00,20.22,45.93
D400,2024-04-04 00:20:00,23.84,59.35
A100,2024-04-04 00:30:00,26.24,52.16
B200,2024-04-04 00:30:00,23.0,49.91
C300,2024-04-04 00:30:00,27.04,59.13
D400,2024-04-04 00:30:00,23.4,52.25
A100,2024-04-04 00:40:00,26.29,52.04
B200,2024-04-04 00:40:00,20.73,46.28
C300,2024-04-04 00:40:00,25.85,47.18
D400,2024-04-04 00:40:00,28.48,48.46
A100,2024-04-04 00:50:00,20.67,55.17
B200,2024-04-04 00:50:00,23.1,48.6
C300,2024-04-04 00:50:00,26.17,45.05
D400,2024-04-04 00:50:00,24.21,43.94
A100,2024-04-04 01:00:00,24.19,41.81
B200,2024-04-04 01:00:00,21.9,54.49
C300,2024-04-04 01:00:00,27.24,45.58
D400,2024-04-04 01:00:00,21.76,50.51
A100,2024-04-04 01:10:00,21.98,54.69
B200,2024-04-04 01:10:00,20.52,46.86
C300,2024-04-04 01:10:00,28.53,51.89
D400,2024-04-04 01:10:00,25.46,49.05
A100,2024-04-04 01:20:00,20.34,57.74
B200,2024-04-04 01:20:00,24.49,54.75
C300,2024-04-04 01:20:00,23.32,49.87
D400,2024-04-04 01:20:00,23.0,51.03
A100,2024-04-04 01:30:00,22.82,45.69
B200,2024-04-04 01:30:00,23.5,52.64
C300,2024-04-04 01:30:00,26.91,43.26
D400,2024-04-04 01:30:00,26.22,46.51
A100,2024-04-04 01:40:00,21.48,45.24
B200,2024-04-04 01:40:00,30.51,53.72
C300,2024-04-04 01:40:00,21.12,47.24
D400,2024-04-04 01:40:00,20.61,43.38
A100,2024-04-04 01:50:00,20.6,44.79
B200,2024-04-04 01:50:00,25.91,55.33
C300,2024-04-04 01:50:00,21.7,47.93
D400,2024-04-04 01:50:00,26.1,50.18
A100,2024-04-04 02:00:00,24.87,47.41
B200,2024-04-04 02:00:00,27.83,58.59
C300,2024-04-04 02:00:00,25.81,47.0
D400,2024-04-04 02:00:00,20.71,58.73
A100,2024-04-04 02:10:00,24.82,50.59
B200,2024-04-04 02:10:00,25.78,50.14
C300,2024-04-04 02:10:00,23.34,61.08
D400,2024-04-04 02:10:00,26.95,58.31
A100,2024-04-04 02:20:00,27.95,40.09
B200,2024-04-04 02:20:00,26.08,52.5
C300,2024-04-04 02:20:00,22.46,64.71
D400,2024-04-04 02:20:00,24.38,47.42
A100,2024-04-04 02:30:00,23.66,53.1
B200,2024-04-04 02:30:00,25.12,47.37
C300,2024-04-04 02:30:00,26.1,50.17
D400,2024-04-04 02:30:00,23.37,48.96
A100,2024-04-04 02:40:00,21.09,45.17
B200,2024-04-04 02:40:00,21.37,38.08
C300,2024-04-04 02:40:00,24.85,44.91
D400,2024-04-04 02:40:00,22.97,48.49
A100,2024-04-04 02:50:00,21.53,48.17
B200,2024-04-04 02:50:00,24.2,46.52
C300,2024-04-04 02:50:00,21.71,46.95
D400,2024-04-04 02:50:00,26.38,47.16
A100,2024-04-04 03:00:00,24.42,47.5
B200,2024-04-04 03:00:00,23.73,54.24
C300,2024-04-04 03:00:00,21.76,61.14
D400,2024-04-04 03:00:00,24.89,51.02
A100,2024-04-04 03:10:00,21.38,53.25
B200,2024-04-04 03:10:00,28.16,46.22
C300,2024-04-04 03:10:00,21.49,50.24
D400,2024-04-04 03:10:00,21.47,47.74
A100,2024-04-04 03:20:00,26.09,58.84
B200,2024-04-04 03:20:00,26.2,45.7
C300,2024-04-04 03:20:00,23.31,48.25
D400,2024-04-04 03:20:00,24.25,54.42
A100,2024-04-04 03:30:00,22.0,60.94
B200,2024-04-04 03:30:00,21.4,45.85
C300,2024-04-04 03:30:00,22.0,62.3
D400,2024-04-04 03:30:00,28.09,45.92
A100,2024-04-04 03:40:00,22.85,49.52
B200,2024-04-04 03:40:00,22.8,54.5
C300,2024-04-04 03:40:00,25.23,51.01
D400,2024-04-04 03:40:00,26.05,52.19
A100,2024-04-04 03:50:00,25.68,50.87
B200,2024-04-04 03:50:00,28.3,50.66
C300,2024-04-04 03:50:00,23.63,53.99
D400,2024-04-04 03:50:00,25.42,49.9
A100,2024-04-04 04:00:00,19.9,57.05
B200,2024-04-04 04:00:00,27.11,45.75
C300,2024-04-04 04:00:00,25.04,47.39
D400,2024-04-04 04:00:00,25.32,55.58
A100,2024-04-04 04:10:00,23.67,53.56
B200,2024-04-04 04:10:00,20.48,45.7
C300,2024-04-04 04:10:00,26.25,46.81
D400,2024-04-04 04:10:00,21.93,46.37
A100,2024-04-04 04:20:00,21.3,55.02
B200,2024-04-04 04:20:00,26.7,46.2
C300,2024-04-04 04:20:00,21.23,49.53
D400,2024-04-04 04:20:00,21.07,53.53
A100,2024-04-04 04:30:00,24.03,48.19
B200,2024-04-04 04:30:00,26.55,45.28
C300,2024-04-04 04:30:00,22.93,44.02
D400,2024-04-04 04:30:00,20.55,45.47
A100,2024-04-04 04:40:00,21.98,45.49
B200,2024-04-04 04:40:00,23.77,49.5
C300,2024-04-04 04:40:00,20.12,53.99
D400,2024-04-04 04:40:00,20.21,41.36
A100,2024-04-04 04:50:00,26.59,44.49
B200,2024-04-04 04:50:00,24.89,47.08
C300,2024-04-04 04:50:00,21.49,44.07
D400,2024-04-04 04:50:00,24.95,45.33
A100,2024-04-04 05:00:00,26.74,42.39
B200,2024-04-04 05:00:00,27.54,39.6
C300,2024-04-04 05:00:00,24.71,44.12
D400,2024-04-04 05:00:00,20.02,49.5
A100,2024-04-04 05:10:00,25.69,49.02
B200,2024-04-04 05:10:00,23.89,51.02
C300,2024-04-04 05:10:00,25.54,58.23
D400,2024-04-04 05:10:00,22.14,52.39
A100,2024-04-04 05:20:00,22.57,49.13
B200,2024-04-04 05:20:00,25.71,50.9
C300,2024-04-04 05:20:00,22.14,50.52
D400,2024-04-04 05:20:00,24.88,53.15
A100,2024-04-04 05:30:00,26.85,58.96
B200,2024-04-04 05:30:00,24.01,44.48
C300,2024-04-04 05:30:00,24.79,43.31
D400,2024-04-04 05:30:00,28.76,47.21
A100,2024-04-04 05:40:00,26.46,51.58
B200,2024-04-04 05:40:00,24.61,42.09
C300,2024-04-04 05:40:00,22.03,48.03
D400,2024-04-04 05:40:00,23.06,50.46
A100,2024-04-04 05:50:00,22.35,52.45
B200,2024-04-04 05:50:00,23.76,53.29
C300,2024-04-04 05:50:00,20.29,53.9
D400,2024-04-04 05:50:00,28.07,49.2
A100,2024-04-04 06:00:00,27.02,49.86
B200,2024-04-04 06:00:00,22.95,51.05
C300,2024-04-04 06:00:00,27.92,57.44
D400,2024-04-04 06:00:00,20.17,44.86
A100,2024-04-04 06:10:00,23.78,46.46
B200,2024-04-04 06:10:00,24.96,49.31
C300,2024-04-04 06:10:00,22.87,59.89
D400,2024-04-04 06:10:00,25.96,53.57
A100,2024-04-04 06:20:00,21.98,49.81
B200,2024-04-04 06:20:00,23.66,50.47
C300,2024-04-04 06:20:00,22.9,54.61
D400,2024-04-04 06:20:00,27.33,53.83
A100,2024-04-04 06:30:00,23.75,47.99
B200,2024-04-04 06:30:00,26.71,51.62
C300,2024-04-04 06:30:00,25.39,51.53
D400,2024-04-04 06:30:00,22.14,57.82
A100,2024-04-04 06:40:00,30.13,47.84
B200,2024-04-04 06:40:00,23.9,48.1
C300,2024-04-04 06:40:00,22.34,52.98
D400,2024-04-04 06:40:00,22.55,45.22
A100,2024-04-04 06:50:00,25.12,45.63
B200,2024-04-04 06:50:00,22.46,46.62
C300,2024-04-04 06:50:00,25.16,50.37
D400,2024-04-04 06:50:00,19.33,51.43
A100,2024-04-04 07:00:00,21.94,57.69
B200,2024-04-04 07:00:00,18.82,51.88
C300,2024-04-04 07:00:00,25.95,43.97
D400,2024-04-04 07:00:00,23.3,50.48
A100,2024-04-04 07:10:00,23.62,52.44
B200,2024-04-04 07:10:00,24.39,53.93
C300,2024-04-04 07:10:00,24.82,50.55
D400,2024-04-04 07:10:00,23.31,51.24
A100,2024-04-04 07:20:00,28.37,49.57
B200,2024-04-04 07:20:00,20.82,55.48
C300,2024-04-04 07:20:00,29.19,52.89
D400,2024-04-04 07:20:00,28.91,50.71
A100,2024-04-04 07:30:00,31.37,42.66
B200,2024-04-04 07:30:00,23.62,53.0
C300,2024-04-04 07:30:00,22.09,55.91
D400,2024-04-04 07:30:00,25.37,48.92
A100,2024-04-04 07:40:00,25.07,51.0
B200,2024-04-04 07:40:00,25.62,48.84
C300,2024-04-04 07:40:00,18.47,54.32
D400,2024-04-04 07:40:00,23.84,46.07
A100,2024-04-04 07:50:00,23.06,49.02
B200,2024-04-04 07:50:00,20.28,45.56
C300,2024-04-04 07:50:00,23.71,49.15
D400,2024-04-04 07:50:00,21.67,43.56
A100,2024-04-04 08:00:00,21.87,51.48
B200,2024-04-04 08:00:00,22.38,54.36
C300,2024-04-04 08:00:00,26.91,58.72
D400,2024-04-04 08:00:00,25.56,52.11
A100,2024-04-04 08:10:00,27.44,43.91
B200,2024-04-04 08:10:00,25.57,54.75
C300,2024-04-04 08:10:00,23.97,54.11
D400,2024-04-04 08:10:00,23.17,50.2
A100,2024-04-04 08:20:00,24.92,51.68
B200,2024-04-04 08:20:00,20.53,47.43
C300,2024-04-04 08:20:00,24.11,51.96
D400,2024-04-04 08:20:00,25.68,50.12
A100,2024-04-04 08:30:00,26.77,48.54
B200,2024-04-04 08:30:00,26.14,49.25
C300,2024-04-04 08:30:00,21.71,63.09
D400,2024-04-04 08:30:00,25.25,40.8
A100,2024-04-04 08:40:00,26.26,50.82
B200,2024-04-04 08:40:00,26.17,52.71
C300,2024-04-04 08:40:00,22.09,54.6
D400,2024-04-04 08:40:00,22.34,45.96
A100,2024-04-04 08:50:00,23.16,44.81
B200,2024-04-04 08:50:00,25.25,60.43
C300,2024-04-04 08:50:00,21.24,56.87
D400,2024-04-04 08:50:00,22.5,47.03
A100,2024-04-04 09:00:00,21.15,51.71
B200,2024-04-04 09:00:00,20.69,47.63
C300,2024-04-04 09:00:00,26.77,57.82
D400,2024-04-04 09:00:00,21.62,48.48
A100,2024-04-04 09:10:00,23.65,42.64
B200,2024-04-04 09:10:00,22.57,46.83
C300,2024-04-04 09:10:00,25.22,51.23
D400,2024-04-04 09:10:00,24.31,48.94
A100,2024-04-04 09:20:00,27.28,49.89
B200,2024-04-04 09:20:00,26.48,52.95
C300,2024-04-04 09:20:00,24.38,54.45
D400,2024-04-04 09:20:00,23.23,45.53
A100,2024-04-04 09:30:00,23.93,57.51
B200,2024-04-04 09:30:00,24.54,47.48
C300,2024-04-04 09:30:00,21.97,42.39
D400,2024-04-04 09:30:00,21.95,51.5
A100,2024-04-04 09:40:00,23.41,51.11
B200,2024-04-04 09:40:00,21.72,55.13
C300,2024-04-04 09:40:00,25.88,47.19
D400,2024-04-04 09:40:00,20.47,51.25
A100,2024-04-04 09:50:00,19.08,43.42
B200,2024-04-04 09:50:00,22.99,45.59
C300,2024-04-04 09:50:00,27.24,48.35
D400,2024-04-04 09:50:00,25.22,39.11
A100,2024-04-04 10:00:00,19.54,46.62
B200,2024-04-04 10:00:00,24.53,43.65
C300,2024-04-04 10:00:00,24.91,56.74
D400,2024-04-04 10:00:00,22.03,49.94
A100,2024-04-04 10:10:00,23.31,47.88
B200,2024-04-04 10:10:00,24.8,50.04
C300,2024-04-04 10:10:00,23.54,50.71
D400,2024-04-04 10:10:00,26.16,53.02
A100,2024-04-04 10:20:00,19.61,45.57
B200,2024-04-04 10:20:00,25.46,62.91
C300,2024-04-04 10:20:00,22.36,42.51
D400,2024-04-04 10:20:00,29.7,56.33
A100,2024-04-04 10:30:00,27.0,50.55
B200,2024-04-04 10:30:00,23.87,49.29
C300,2024-04-04 10:30:00,25.9,56.26
D400,2024-04-04 10:30:00,24.41,53.88
A100,2024-04-04 10:40:00,27.48,54.69
B200,2024-04-04 10:40:00,25.46,46.39
C300,2024-04-04 10:40:00,22.37,41.38
D400,2024-04-04 10:40:00,24.96,50.57
A100,2024-04-04 10:50:00,27.18,52.28
B200,2024-04-04 10:50:00,23.19,47.58
C300,2024-04-04 10:50:00,24.86,51.26
D400,2024-04-04 10:50:00,28.56,49.46
A100,2024-04-04 11:00:00,25.22,58.17
B200,2024-04-04 11:00:00,23.63,48.35
C300,2024-04-04 11:00:00,20.67,48.2
D400,2024-04-04 11:00:00,24.94,56.87
A100,2024-04-04 11:10:00,20.56,45.51
B200,2024-04-04 11:10:00,19.29,59.01
C300,2024-04-04 11:10:00,24.4,47.83
D400,2024-04-04 11:10:00,19.51,49.99
