vreme,senzor_id,temperatura,vlaga
2024-05-01 00:00:00,1,20.3,56
2024-05-01 00:00:00,2,19.7,53
2024-05-01 00:00:00,3,16.8,68
2024-05-01 00:00:00,4,24.7,69
2024-05-01 00:00:00,5,16.8,67
2024-05-01 00:10:00,1,29.2,44
2024-05-01 00:10:00,2,21.3,46
2024-05-01 00:10:00,3,26.1,65
2024-05-01 00:10:00,4,18.5,70
2024-05-01 00:10:00,5,23.1,44
2024-05-01 00:20:00,1,28.2,51
2024-05-01 00:20:00,2,18.4,59
2024-05-01 00:20:00,3,27.5,54
2024-05-01 00:20:00,4,26.7,51
2024-05-01 00:20:00,5,28.0,47
2024-05-01 00:30:00,1,29.0,57
2024-05-01 00:30:00,2,16.8,58
2024-05-01 00:30:00,3,28.3,50
2024-05-01 00:30:00,4,28.9,69
2024-05-01 00:30:00,5,27.3,70
2024-05-01 00:40:00,1,16.5,69
2024-05-01 00:40:00,2,27.8,63
2024-05-01 00:40:00,3,27.1,63
2024-05-01 00:40:00,4,20.8,67
2024-05-01 00:40:00,5,29.0,59
2024-05-01 00:50:00,1,19.2,58
2024-05-01 00:50:00,2,23.8,56
2024-05-01 00:50:00,3,22.9,65
2024-05-01 00:50:00,4,16.7,58
2024-05-01 00:50:00,5,24.1,44
2024-05-01 01:00:00,1,27.6,62
2024-05-01 01:00:00,2,27.4,45
2024-05-01 01:00:00,3,25.4,43
2024-05-01 01:00:00,4,29.9,41
2024-05-01 01:00:00,5,29.2,45
2024-05-01 01:10:00,1,19.3,51
2024-05-01 01:10:00,2,27.3,68
2024-05-01 01:10:00,3,22.8,59
2024-05-01 01:10:00,4,18.5,58
2024-05-01 01:10:00,5,29.7,46
2024-05-01 01:20:00,1,23.8,61
2024-05-01 01:20:00,2,16.1,53
2024-05-01 01:20:00,3,24.6,68
2024-05-01 01:20:00,4,15.3,43
2024-05-01 01:20:00,5,20.6,51
2024-05-01 01:30:00,1,26.2,63
2024-05-01 01:30:00,2,15.1,69
2024-05-01 01:30:00,3,15.3,66
2024-05-01 01:30:00,4,18.9,62
2024-05-01 01:30:00,5,22.5,46
2024-05-01 01:40:00,1,19.3,62
2024-05-01 01:40:00,2,29.1,47
2024-05-01 01:40:00,3,28.7,65
2024-05-01 01:40:00,4,21.7,64
2024-05-01 01:40:00,5,23.4,67
2024-05-01 01:50:00,1,23.9,44
2024-05-01 01:50:00,2,18.0,54
2024-05-01 01:50:00,3,23.3,64
2024-05-01 01:50:00,4,15.5,65
2024-05-01 01:50:00,5,17.3,66
2024-05-01 02:00:00,1,26.9,57
2024-05-01 02:00:00,2,19.1,55
2024-05-01 02:00:00,3,29.4,50
2024-05-01 02:00:00,4,28.4,52
2024-05-01 02:00:00,5,27.8,56
2024-05-01 02:10:00,1,24.0,68
2024-05-01 02:10:00,2,25.1,43
2024-05-01 02:10:00,3,29.9,63
2024-05-01 02:10:00,4,20.6,48
2024-05-01 02:10:00,5,15.7,53
2024-05-01 02:20:00,1,27.0,48
2024-05-01 02:20:00,2,27.2,42
2024-05-01 02:20:00,3,21.5,48
2024-05-01 02:20:00,4,21.8,54
2024-05-01 02:20:00,5,25.8,58
2024-05-01 02:30:00,1,28.6,64
2024-05-01 02:30:00,2,25.2,70
2024-05-01 02:30:00,3,22.0,48
2024-05-01 02:30:00,4,26.2,66
2024-05-01 02:30:00,5,15.2,51
2024-05-01 02:40:00,1,28.0,63
2024-05-01 02:40:00,2,21.2,58
2024-05-01 02:40:00,3,16.8,41
2024-05-01 02:40:00,4,19.0,42
2024-05-01 02:40:00,5,25.7,45
2024-05-01 02:50:00,1,22.8,47
2024-05-01 02:50:00,2,17.6,61
2024-05-01 02:50:00,3,20.0,52
2024-05-01 02:50:00,4,16.0,43
2024-05-01 02:50:00,5,22.8,59
2024-05-01 03:00:00,1,23.7,40
2024-05-01 03:00:00,2,27.7,44
2024-05-01 03:00:00,3,25.0,48
2024-05-01 03:00:00,4,15.4,49
2024-05-01 03:00:00,5,17.2,53
2024-05-01 03:10:00,1,17.8,47
2024-05-01 03:10:00,2,29.5,60
2024-05-01 03:10:00,3,25.8,55
2024-05-01 03:10:00,4,15.1,70
2024-05-01 03:10:00,5,15.2,40
2024-05-01 03:20:00,1,24.2,53
2024-05-01 03:20:00,2,17.6,56
2024-05-01 03:20:00,3,25.0,48
2024-05-01 03:20:00,4,28.0,57
2024-05-01 03:20:00,5,23.9,52
2024-05-01 03:30:00,1,23.9,66
2024-05-01 03:30:00,2,15.8,49
2024-05-01 03:30:00,3,21.0,67
2024-05-01 03:30:00,4,26.6,54
2024-05-01 03:30:00,5,27.2,68
2024-05-01 03:40:00,1,25.5,69
2024-05-01 03:40:00,2,25.5,62
2024-05-01 03:40:00,3,18.5,65
2024-05-01 03:40:00,4,17.1,55
2024-05-01 03:40:00,5,29.0,49
2024-05-01 03:50:00,1,15.1,57
2024-05-01 03:50:00,2,17.4,49
2024-05-01 03:50:00,3,17.9,67
2024-05-01 03:50:00,4,18.5,66
2024-05-01 03:50:00,5,16.2,60
2024-05-01 04:00:00,1,16.9,46
2024-05-01 04:00:00,2,17.5,60
2024-05-01 04:00:00,3,25.8,60
2024-05-01 04:00:00,4,21.6,69
2024-05-01 04:00:00,5,26.2,46
2024-05-01 04:10:00,1,27.3,66
2024-05-01 04:10:00,2,25.3,62
2024-05-01 04:10:00,3,19.7,52
2024-05-01 04:10:00,4,16.4,45
2024-05-01 04:10:00,5,27.6,59
2024-05-01 04:20:00,1,23.2,69
2024-05-01 04:20:00,2,19.0,51
2024-05-01 04:20:00,3,19.8,43
2024-05-01 04:20:00,4,26.0,61
2024-05-01 04:20:00,5,17.4,49
2024-05-01 04:30:00,1,25.9,47
2024-05-01 04:30:00,2,27.9,56
2024-05-01 04:30:00,3,25.2,70
2024-05-01 04:30:00,4,28.4,69
2024-05-01 04:30:00,5,17.9,70
2024-05-01 04:40:00,1,16.8,43
2024-05-01 04:40:00,2,23.0,56
2024-05-01 04:40:00,3,20.7,47
2024-05-01 04:40:00,4,18.1,51
2024-05-01 04:40:00,5,22.5,67
2024-05-01 04:50:00,1,16.0,67
2024-05-01 04:50:00,2,22.9,56
2024-05-01 04:50:00,3,22.2,60
2024-05-01 04:50:00,4,19.0,69
2024-05-01 04:50:00,5,23.2,54
2024-05-01 05:00:00,1,27.8,48
2024-05-01 05:00:00,2,26.8,64
2024-05-01 05:00:00,3,16.7,63
2024-05-01 05:00:00,4,28.7,58
2024-05-01 05:00:00,5,28.6,45
2024-05-01 05:10:00,1,24.1,55
2024-05-01 05:10:00,2,26.1,55
2024-05-01 05:10:00,3,27.1,43
2024-05-01 05:10:00,4,20.0,63
2024-05-01 05:10:00,5,26.5,45
2024-05-01 05:20:00,1,28.8,53
2024-05-01 05:20:00,2,26.9,59
2024-05-01 05:20:00,3,27.2,49
2024-05-01 05:20:00,4,17.7,53
2024-05-01 05:20:00,5,25.0,40
2024-05-01 05:30:00,1,20.6,53
2024-05-01 05:30:00,2,24.3,45
2024-05-01 05:30:00,3,21.0,47
2024-05-01 05:30:00,4,26.3,56
2024-05-01 05:30:00,5,21.0,59
2024-05-01 05:40:00,1,16.9,54
2024-05-01 05:40:00,2,18.4,63
2024-05-01 05:40:00,3,28.8,46
2024-05-01 05:40:00,4,17.6,65
2024-05-01 05:40:00,5,18.4,63
2024-05-01 05:50:00,1,29.3,42
2024-05-01 05:50:00,2,23.0,55
2024-05-01 05:50:00,3,27.2,58
2024-05-01 05:50:00,4,21.5,67
2024-05-01 05:50:00,5,15.2,67
2024-05-01 06:00:00,1,22.2,67
2024-05-01 06:00:00,2,22.0,55
2024-05-01 06:00:00,3,29.4,42
2024-05-01 06:00:00,4,23.1,47
2024-05-01 06:00:00,5,27.4,60
2024-05-01 06:10:00,1,27.5,51
2024-05-01 06:10:00,2,15.6,70
2024-05-01 06:10:00,3,25.5,70
2024-05-01 06:10:00,4,16.3,63
2024-05-01 06:10:00,5,20.0,60
2024-05-01 06:20:00,1,24.7,70
2024-05-01 06:20:00,2,25.9,67
2024-05-01 06:20:00,3,26.3,62
2024-05-01 06:20:00,4,26.3,59
2024-05-01 06:20:00,5,20.1,64
2024-05-01 06:30:00,1,22.4,54
2024-05-01 06:30:00,2,26.9,49
2024-05-01 06:30:00,3,27.9,69
2024-05-01 06:30:00,4,16.2,60
2024-05-01 06:30:00,5,18.7,69
2024-05-01 06:40:00,1,17.1,63
2024-05-01 06:40:00,2,15.7,67
2024-05-01 06:40:00,3,17.0,54
2024-05-01 06:40:00,4,21.6,49
2024-05-01 06:40:00,5,22.4,56
2024-05-01 06:50:00,1,17.7,65
2024-05-01 06:50:00,2,25.0,40
2024-05-01 06:50:00,3,22.3,60
2024-05-01 06:50:00,4,29.4,42
2024-05-01 06:50:00,5,17.7,50
2024-05-01 07:00:00,1,27.6,48
2024-05-01 07:00:00,2,19.9,51
2024-05-01 07:00:00,3,18.2,53
2024-05-01 07:00:00,4,15.6,45
2024-05-01 07:00:00,5,27.5,57
2024-05-01 07:10:00,1,18.8,59
2024-05-01 07:10:00,2,19.6,42
2024-05-01 07:10:00,3,15.7,58
2024-05-01 07:10:00,4,17.5,59
2024-05-01 07:10:00,5,23.9,46
2024-05-01 07:20:00,1,18.6,44
2024-05-01 07:20:00,2,26.8,69
2024-05-01 07:20:00,3,27.2,66
2024-05-01 07:20:00,4,26.8,53
2024-05-01 07:20:00,5,22.6,60
2024-05-01 07:30:00,1,28.3,45
2024-05-01 07:30:00,2,16.5,65
2024-05-01 07:30:00,3,27.9,48
2024-05-01 07:30:00,4,25.2,67
2024-05-01 07:30:00,5,26.1,43
2024-05-01 07:40:00,1,23.2,48
2024-05-01 07:40:00,2,26.3,52
2024-05-01 07:40:00,3,15.4,43
2024-05-01 07:40:00,4,21.3,67
2024-05-01 07:40:00,5,26.9,43
2024-05-01 07:50:00,1,23.3,69
2024-05-01 07:50:00,2,15.9,52
2024-05-01 07:50:00,3,18.6,59
2024-05-01 07:50:00,4,27.9,59
2024-05-01 07:50:00,5,15.3,47
2024-05-01 08:00:00,1,15.1,60
2024-05-01 08:00:00,2,17.3,59
2024-05-01 08:00:00,3,17.7,66
2024-05-01 08:00:00,4,16.7,54
2024-05-01 08:00:00,5,26.6,63
2024-05-01 08:10:00,1,28.7,58
2024-05-01 08:10:00,2,20.1,68
2024-05-01 08:10:00,3,20.7,48
2024-05-01 08:10:00,4,25.1,43
2024-05-01 08:10:00,5,15.9,47
2024-05-01 08:20:00,1,20.5,58
2024-05-01 08:20:00,2,21.7,52
2024-05-01 08:20:00,3,25.5,61
2024-05-01 08:20:00,4,20.5,68
2024-05-01 08:20:00,5,17.4,50
2024-05-01 08:30:00,1,28.1,41
2024-05-01 08:30:00,2,28.8,52
2024-05-01 08:30:00,3,18.8,48
2024-05-01 08:30:00,4,18.6,59
2024-05-01 08:30:00,5,18.9,49
2024-05-01 08:40:00,1,27.3,49
2024-05-01 08:40:00,2,18.9,69
2024-05-01 08:40:00,3,21.7,59
2024-05-01 08:40:00,4,25.0,56
2024-05-01 08:40:00,5,29.3,58
2024-05-01 08:50:00,1,22.8,44
2024-05-01 08:50:00,2,19.2,44
2024-05-01 08:50:00,3,25.0,69
2024-05-01 08:50:00,4,28.8,55
2024-05-01 08:50:00,5,16.9,62
2024-05-01 09:00:00,1,27.4,60
2024-05-01 09:00:00,2,29.3,47
2024-05-01 09:00:00,3,21.2,57
2024-05-01 09:00:00,4,29.5,43
2024-05-01 09:00:00,5,25.2,40
2024-05-01 09:10:00,1,23.6,46
2024-05-01 09:10:00,2,22.2,58
2024-05-01 09:10:00,3,20.9,41
2024-05-01 09:10:00,4,17.3,44
2024-05-01 09:10:00,5,17.4,46
2024-05-01 09:20:00,1,17.9,64
2024-05-01 09:20:00,2,18.9,60
2024-05-01 09:20:00,3,17.5,56
2024-05-01 09:20:00,4,25.9,63
2024-05-01 09:20:00,5,27.4,62
2024-05-01 09:30:00,1,21.8,43
2024-05-01 09:30:00,2,22.3,65
2024-05-01 09:30:00,3,23.2,55
2024-05-01 09:30:00,4,26.8,48
2024-05-01 09:30:00,5,29.5,52
2024-05-01 09:40:00,1,15.7,54
2024-05-01 09:40:00,2,18.3,56
2024-05-01 09:40:00,3,21.0,41
2024-05-01 09:40:00,4,23.8,51
2024-05-01 09:40:00,5,27.7,52
2024-05-01 09:50:00,1,15.1,63
2024-05-01 09:50:00,2,29.2,59
2024-05-01 09:50:00,3,22.7,45
2024-05-01 09:50:00,4,23.7,69
2024-05-01 09:50:00,5,26.2,65
2024-05-01 10:00:00,1,24.8,53
2024-05-01 10:00:00,2,19.2,60
2024-05-01 10:00:00,3,18.9,69
2024-05-01 10:00:00,4,21.0,47
2024-05-01 10:00:00,5,17.8,56
2024-05-01 10:10:00,1,21.2,59
2024-05-01 10:10:00,2,26.8,41
2024-05-01 10:10:00,3,15.1,43
2024-05-01 10:10:00,4,21.7,40
2024-05-01 10:10:00,5,23.5,64
2024-05-01 10:20:00,1,16.9,58
2024-05-01 10:20:00,2,27.9,68
2024-05-01 10:20:00,3,25.2,66
2024-05-01 10:20:00,4,22.1,44
2024-05-01 10:20:00,5,27.6,49
2024-05-01 10:30:00,1,27.4,52
2024-05-01 10:30:00,2,20.4,65
2024-05-01 10:30:00,3,24.1,66
2024-05-01 10:30:00,4,28.2,58
2024-05-01 10:30:00,5,21.6,68
2024-05-01 10:40:00,1,25.4,61
2024-05-01 10:40:00,2,21.8,65
2024-05-01 10:40:00,3,18.0,51
2024-05-01 10:40:00,4,23.3,49
2024-05-01 10:40:00,5,16.2,46
2024-05-01 10:50:00,1,18.2,53
2024-05-01 10:50:00,2,25.4,69
2024-05-01 10:50:00,3,27.4,55
2024-05-01 10:50:00,4,20.7,66
2024-05-01 10:50:00,5,18.9,51
2024-05-01 11:00:00,1,27.8,70
2024-05-01 11:00:00,2,15.6,54
2024-05-01 11:00:00,3,16.8,53
2024-05-01 11:00:00,4,17.9,44
2024-05-01 11:00:00,5,27.1,55
2024-05-01 11:10:00,1,28.2,53
2024-05-01 11:10:00,2,19.9,65
2024-05-01 11:10:00,3,17.9,53
2024-05-01 11:10:00,4,18.1,63
2024-05-01 11:10:00,5,17.0,45
2024-05-01 11:20:00,1,26.0,64
2024-05-01 11:20:00,2,27.0,62
2024-05-01 11:20:00,3,21.3,58
2024-05-01 11:20:00,4,16.7,42
2024-05-01 11:20:00,5,20.4,56
2024-05-01 11:30:00,1,24.2,40
2024-05-01 11:30:00,2,24.2,50
2024-05-01 11:30:00,3,22.3,53
2024-05-01 11:30:00,4,25.7,66
2024-05-01 11:30:00,5,17.3,70
2024-05-01 11:40:00,1,16.4,51
2024-05-01 11:40:00,2,27.0,67
2024-05-01 11:40:00,3,23.9,42
2024-05-01 11:40:00,4,25.3,50
2024-05-01 11:40:00,5,28.9,41
2024-05-01 11:50:00,1,20.8,63
2024-05-01 11:50:00,2,22.1,40
2024-05-01 11:50:00,3,22.3,53
2024-05-01 11:50:00,4,27.7,43
2024-05-01 11:50:00,5,21.4,57
2024-05-01 12:00:00,1,19.3,46
2024-05-01 12:00:00,2,16.0,69
2024-05-01 12:00:00,3,26.4,62
2024-05-01 12:00:00,4,17.3,60
2024-05-01 12:00:00,5,21.7,52
2024-05-01 12:10:00,1,16.8,56
2024-05-01 12:10:00,2,26.4,45
2024-05-01 12:10:00,3,15.2,49
2024-05-01 12:10:00,4,29.2,66
2024-05-01 12:10:00,5,22.2,65
2024-05-01 12:20:00,1,24.9,60
2024-05-01 12:20:00,2,23.5,66
2024-05-01 12:20:00,3,23.7,58
2024-05-01 12:20:00,4,26.0,54
2024-05-01 12:20:00,5,18.2,65
2024-05-01 12:30:00,1,15.1,62
2024-05-01 12:30:00,2,21.5,68
2024-05-01 12:30:00,3,17.4,69
2024-05-01 12:30:00,4,28.4,61
2024-05-01 12:30:00,5,29.3,70
2024-05-01 12:40:00,1,17.5,42
2024-05-01 12:40:00,2,17.0,44
2024-05-01 12:40:00,3,28.2,45
2024-05-01 12:40:00,4,17.5,40
2024-05-01 12:40:00,5,23.1,65
2024-05-01 12:50:00,1,26.4,57
2024-05-01 12:50:00,2,23.5,55
2024-05-01 12:50:00,3,16.9,44
2024-05-01 12:50:00,4,26.9,58
2024-05-01 12:50:00,5,22.5,59
2024-05-01 13:00:00,1,22.6,50
2024-05-01 13:00:00,2,21.0,55
2024-05-01 13:00:00,3,24.5,58
2024-05-01 13:00:00,4,28.7,58
2024-05-01 13:00:00,5,19.6,59
2024-05-01 13:10:00,1,28.4,68
2024-05-01 13:10:00,2,24.0,66
2024-05-01 13:10:00,3,21.5,58
2024-05-01 13:10:00,4,24.2,53
2024-05-01 13:10:00,5,16.2,59
2024-05-01 13:20:00,1,18.4,67
2024-05-01 13:20:00,2,17.5,42
2024-05-01 13:20:00,3,27.3,64
2024-05-01 13:20:00,4,22.8,58
2024-05-01 13:20:00,5,20.5,47
2024-05-01 13:30:00,1,15.2,47
2024-05-01 13:30:00,2,20.5,51
2024-05-01 13:30:00,3,27.8,52
2024-05-01 13:30:00,4,15.1,63
2024-05-01 13:30:00,5,23.5,40
2024-05-01 13:40:00,1,15.9,57
2024-05-01 13:40:00,2,24.9,53
2024-05-01 13:40:00,3,16.1,62
2024-05-01 13:40:00,4,26.6,66
2024-05-01 13:40:00,5,27.0,56
2024-05-01 13:50:00,1,25.8,69
2024-05-01 13:50:00,2,29.7,59
2024-05-01 13:50:00,3,17.6,67
2024-05-01 13:50:00,4,20.8,42
2024-05-01 13:50:00,5,19.9,57
2024-05-01 14:00:00,1,16.5,55
2024-05-01 14:00:00,2,22.1,66
2024-05-01 14:00:00,3,15.5,46
2024-05-01 14:00:00,4,16.4,62
2024-05-01 14:00:00,5,22.9,53
2024-05-01 14:10:00,1,24.8,60
2024-05-01 14:10:00,2,29.0,43
2024-05-01 14:10:00,3,17.9,45
2024-05-01 14:10:00,4,28.5,68
2024-05-01 14:10:00,5,22.8,44
2024-05-01 14:20:00,1,18.1,42
2024-05-01 14:20:00,2,28.9,48
2024-05-01 14:20:00,3,15.3,54
2024-05-01 14:20:00,4,22.4,43
2024-05-01 14:20:00,5,20.8,43
2024-05-01 14:30:00,1,23.4,67
2024-05-01 14:30:00,2,27.8,67
2024-05-01 14:30:00,3,26.9,43
2024-05-01 14:30:00,4,27.8,51
2024-05-01 14:30:00,5,26.8,63
2024-05-01 14:40:00,1,19.9,58
2024-05-01 14:40:00,2,23.5,58
2024-05-01 14:40:00,3,16.6,64
2024-05-01 14:40:00,4,18.9,49
2024-05-01 14:40:00,5,27.4,57
2024-05-01 14:50:00,1,25.6,42
2024-05-01 14:50:00,2,25.5,59
2024-05-01 14:50:00,3,21.3,56
2024-05-01 14:50:00,4,17.6,56
2024-05-01 14:50:00,5,22.4,50
2024-05-01 15:00:00,1,22.6,48
2024-05-01 15:00:00,2,17.4,70
2024-05-01 15:00:00,3,28.8,44
2024-05-01 15:00:00,4,15.3,48
2024-05-01 15:00:00,5,27.7,58
2024-05-01 15:10:00,1,27.3,66
2024-05-01 15:10:00,2,30.0,59
2024-05-01 15:10:00,3,18.7,70
2024-05-01 15:10:00,4,20.8,62
2024-05-01 15:10:00,5,16.4,69
2024-05-01 15:20:00,1,27.0,59
2024-05-01 15:20:00,2,19.2,54
2024-05-01 15:20:00,3,25.7,69
2024-05-01 15:20:00,4,24.9,68
2024-05-01 15:20:00,5,19.4,68
2024-05-01 15:30:00,1,21.1,42
2024-05-01 15:30:00,2,29.0,47
2024-05-01 15:30:00,3,29.2,51
2024-05-01 15:30:00,4,21.9,60
2024-05-01 15:30:00,5,18.1,43
2024-05-01 15:40:00,1,29.9,40
2024-05-01 15:40:00,2,22.7,51
2024-05-01 15:40:00,3,18.6,56
2024-05-01 15:40:00,4,20.4,65
2024-05-01 15:40:00,5,26.1,61
2024-05-01 15:50:00,1,26.7,60
2024-05-01 15:50:00,2,20.4,64
2024-05-01 15:50:00,3,28.7,64
2024-05-01 15:50:00,4,23.3,53
2024-05-01 15:50:00,5,21.4,61
2024-05-01 16:00:00,1,18.9,43
2024-05-01 16:00:00,2,20.7,67
2024-05-01 16:00:00,3,27.3,46
2024-05-01 16:00:00,4,15.4,67
2024-05-01 16:00:00,5,28.0,46
2024-05-01 16:10:00,1,18.0,60
2024-05-01 16:10:00,2,18.5,60
2024-05-01 16:10:00,3,18.1,43
2024-05-01 16:10:00,4,16.2,66
2024-05-01 16:10:00,5,23.3,57
2024-05-01 16:20:00,1,21.7,40
2024-05-01 16:20:00,2,23.7,60
2024-05-01 16:20:00,3,20.3,44
2024-05-01 16:20:00,4,21.9,65
2024-05-01 16:20:00,5,23.6,67
2024-05-01 16:30:00,1,28.6,68
2024-05-01 16:30:00,2,24.0,59
2024-05-01 16:30:00,3,28.7,65
2024-05-01 16:30:00,4,19.0,67
2024-05-01 16:30:00,5,18.1,51
2024-05-01 16:40:00,1,29.2,45
2024-05-01 16:40:00,2,20.9,59
2024-05-01 16:40:00,3,25.5,40
2024-05-01 16:40:00,4,24.8,68
2024-05-01 16:40:00,5,17.1,46
2024-05-01 16:50:00,1,25.1,40
2024-05-01 16:50:00,2,25.9,62
2024-05-01 16:50:00,3,15.7,49
2024-05-01 16:50:00,4,16.6,43
2024-05-01 16:50:00,5,24.6,46
2024-05-01 17:00:00,1,27.7,69
2024-05-01 17:00:00,2,28.5,44
2024-05-01 17:00:00,3,19.9,65
2024-05-01 17:00:00,4,17.1,41
2024-05-01 17:00:00,5,22.6,44
2024-05-01 17:10:00,1,28.9,70
2024-05-01 17:10:00,2,17.8,41
2024-05-01 17:10:00,3,22.1,48
2024-05-01 17:10:00,4,26.3,67
2024-05-01 17:10:00,5,20.6,59
2024-05-01 17:20:00,1,28.9,65
2024-05-01 17:20:00,2,29.7,68
2024-05-01 17:20:00,3,15.9,67
2024-05-01 17:20:00,4,18.7,66
2024-05-01 17:20:00,5,16.3,70
2024-05-01 17:30:00,1,15.8,44
2024-05-01 17:30:00,2,22.0,41
2024-05-01 17:30:00,3,19.8,50
2024-05-01 17:30:00,4,17.6,51
2024-05-01 17:30:00,5,20.3,45
2024-05-01 17:40:00,1,28.0,45
2024-05-01 17:40:00,2,19.6,41
2024-05-01 17:40:00,3,26.5,65
2024-05-01 17:40:00,4,18.8,59
2024-05-01 17:40:00,5,15.4,49
2024-05-01 17:50:00,1,29.9,55
2024-05-01 17:50:00,2,30.0,60
2024-05-01 17:50:00,3,27.6,64
2024-05-01 17:50:00,4,28.4,49
2024-05-01 17:50:00,5,24.5,60
2024-05-01 18:00:00,1,29.9,55
2024-05-01 18:00:00,2,21.0,62
2024-05-01 18:00:00,3,18.5,43
2024-05-01 18:00:00,4,17.2,62
2024-05-01 18:00:00,5,29.1,44
2024-05-01 18:10:00,1,20.3,40
2024-05-01 18:10:00,2,22.3,59
2024-05-01 18:10:00,3,28.4,49
2024-05-01 18:10:00,4,23.9,51
2024-05-01 18:10:00,5,29.8,47
2024-05-01 18:20:00,1,24.7,56
2024-05-01 18:20:00,2,20.6,59
2024-05-01 18:20:00,3,24.9,41
2024-05-01 18:20:00,4,18.3,61
2024-05-01 18:20:00,5,23.0,40
2024-05-01 18:30:00,1,22.9,68
2024-05-01 18:30:00,2,21.7,52
2024-05-01 18:30:00,3,19.0,51
2024-05-01 18:30:00,4,22.8,54
2024-05-01 18:30:00,5,18.9,51
2024-05-01 18:40:00,1,20.1,51
2024-05-01 18:40:00,2,21.7,41
2024-05-01 18:40:00,3,15.4,70
2024-05-01 18:40:00,4,15.9,52
2024-05-01 18:40:00,5,23.7,47
2024-05-01 18:50:00,1,17.3,41
2024-05-01 18:50:00,2,21.2,66
2024-05-01 18:50:00,3,27.0,42
2024-05-01 18:50:00,4,19.9,41
2024-05-01 18:50:00,5,28.0,70
2024-05-01 19:00:00,1,18.8,54
2024-05-01 19:00:00,2,21.6,70
2024-05-01 19:00:00,3,16.2,60
2024-05-01 19:00:00,4,27.7,60
2024-05-01 19:00:00,5,18.5,42
2024-05-01 19:10:00,1,18.2,40
2024-05-01 19:10:00,2,20.2,69
2024-05-01 19:10:00,3,17.0,60
2024-05-01 19:10:00,4,28.1,62
2024-05-01 19:10:00,5,19.6,57
2024-05-01 19:20:00,1,27.4,61
2024-05-01 19:20:00,2,24.8,42
2024-05-01 19:20:00,3,28.7,67
2024-05-01 19:20:00,4,27.7,69
2024-05-01 19:20:00,5,19.6,69
2024-05-01 19:30:00,1,28.3,58
2024-05-01 19:30:00,2,25.3,65
2024-05-01 19:30:00,3,16.1,48
2024-05-01 19:30:00,4,26.7,69
2024-05-01 19:30:00,5,16.2,43
2024-05-01 19:40:00,1,29.1,45
2024-05-01 19:40:00,2,21.1,65
2024-05-01 19:40:00,3,18.8,68
2024-05-01 19:40:00,4,16.7,59
2024-05-01 19:40:00,5,15.9,49
2024-05-01 19:50:00,1,22.1,66
2024-05-01 19:50:00,2,23.5,41
2024-05-01 19:50:00,3,18.8,46
2024-05-01 19:50:00,4,24.5,48
2024-05-01 19:50:00,5,18.4,62
2024-05-01 20:00:00,1,20.4,51
2024-05-01 20:00:00,2,18.7,57
2024-05-01 20:00:00,3,27.9,49
2024-05-01 20:00:00,4,29.2,52
2024-05-01 20:00:00,5,23.2,55
2024-05-01 20:10:00,1,15.5,55
2024-05-01 20:10:00,2,15.8,60
2024-05-01 20:10:00,3,20.5,69
2024-05-01 20:10:00,4,17.1,61
2024-05-01 20:10:00,5,15.1,54
2024-05-01 20:20:00,1,28.2,42
2024-05-01 20:20:00,2,22.5,50
2024-05-01 20:20:00,3,25.7,49
2024-05-01 20:20:00,4,22.1,56
2024-05-01 20:20:00,5,17.7,47
2024-05-01 20:30:00,1,21.6,64
2024-05-01 20:30:00,2,28.8,54
2024-05-01 20:30:00,3,23.1,60
2024-05-01 20:30:00,4,24.2,62
2024-05-01 20:30:00,5,23.2,57
2024-05-01 20:40:00,1,18.5,69
2024-05-01 20:40:00,2,16.5,47
2024-05-01 20:40:00,3,26.2,49
2024-05-01 20:40:00,4,29.5,51
2024-05-01 20:40:00,5,19.8,53
2024-05-01 20:50:00,1,15.9,63
2024-05-01 20:50:00,2,26.4,56
2024-05-01 20:50:00,3,26.5,67
2024-05-01 20:50:00,4,19.8,70
2024-05-01 20:50:00,5,27.4,40
2024-05-01 21:00:00,1,29.0,49
2024-05-01 21:00:00,2,23.6,48
2024-05-01 21:00:00,3,18.2,69
2024-05-01 21:00:00,4,16.2,66
2024-05-01 21:00:00,5,27.3,45
2024-05-01 21:10:00,1,23.0,50
2024-05-01 21:10:00,2,28.1,53
2024-05-01 21:10:00,3,28.1,70
2024-05-01 21:10:00,4,27.3,46
2024-05-01 21:10:00,5,26.4,54
2024-05-01 21:20:00,1,17.0,52
2024-05-01 21:20:00,2,25.7,64
2024-05-01 21:20:00,3,17.0,65
2024-05-01 21:20:00,4,23.1,51
2024-05-01 21:20:00,5,29.2,69
2024-05-01 21:30:00,1,18.8,69
2024-05-01 21:30:00,2,17.3,52
2024-05-01 21:30:00,3,21.9,41
2024-05-01 21:30:00,4,16.5,47
2024-05-01 21:30:00,5,29.9,66
2024-05-01 21:40:00,1,22.1,54
2024-05-01 21:40:00,2,17.8,43
2024-05-01 21:40:00,3,18.7,45
2024-05-01 21:40:00,4,17.6,42
2024-05-01 21:40:00,5,17.1,59
2024-05-01 21:50:00,1,24.9,70
2024-05-01 21:50:00,2,22.3,47
2024-05-01 21:50:00,3,19.0,48
2024-05-01 21:50:00,4,17.9,46
2024-05-01 21:50:00,5,26.6,55
2024-05-01 22:00:00,1,24.4,49
2024-05-01 22:00:00,2,28.2,47
2024-05-01 22:00:00,3,19.7,57
2024-05-01 22:00:00,4,19.2,51
2024-05-01 22:00:00,5,22.4,43
2024-05-01 22:10:00,1,28.0,60
2024-05-01 22:10:00,2,18.5,41
2024-05-01 22:10:00,3,19.0,43
2024-05-01 22:10:00,4,22.9,58
2024-05-01 22:10:00,5,17.4,53
2024-05-01 22:20:00,1,17.5,48
2024-05-01 22:20:00,2,15.4,49
2024-05-01 22:20:00,3,15.6,47
2024-05-01 22:20:00,4,18.3,57
2024-05-01 22:20:00,5,20.8,44
2024-05-01 22:30:00,1,22.8,57
2024-05-01 22:30:00,2,22.2,41
2024-05-01 22:30:00,3,25.4,41
2024-05-01 22:30:00,4,20.4,56
2024-05-01 22:30:00,5,27.3,54
2024-05-01 22:40:00,1,16.0,54
2024-05-01 22:40:00,2,22.9,62
2024-05-01 22:40:00,3,15.1,45
2024-05-01 22:40:00,4,18.2,66
2024-05-01 22:40:00,5,21.9,68
2024-05-01 22:50:00,1,23.0,59
2024-05-01 22:50:00,2,21.0,53
2024-05-01 22:50:00,3,23.6,69
2024-05-01 22:50:00,4,29.5,54
2024-05-01 22:50:00,5,24.3,62
2024-05-01 23:00:00,1,26.1,64
2024-05-01 23:00:00,2,22.0,60
2024-05-01 23:00:00,3,29.6,58
2024-05-01 23:00:00,4,18.2,47
2024-05-01 23:00:00,5,16.6,50
2024-05-01 23:10:00,1,28.8,61
2024-05-01 23:10:00,2,18.2,43
2024-05-01 23:10:00,3,15.7,41
2024-05-01 23:10:00,4,23.8,47
2024-05-01 23:10:00,5,20.5,70
2024-05-01 23:20:00,1,24.7,57
2024-05-01 23:20:00,2,25.6,55
2024-05-01 23:20:00,3,27.2,70
2024-05-01 23:20:00,4,23.9,57
2024-05-01 23:20:00,5,25.4,56
2024-05-01 23:30:00,1,25.2,50
2024-05-01 23:30:00,2,25.1,58
2024-05-01 23:30:00,3,20.8,58
2024-05-01 23:30:00,4,27.0,51
2024-05-01 23:30:00,5,26.4,55
2024-05-01 23:40:00,1,23.5,63
2024-05-01 23:40:00,2,19.7,58
2024-05-01 23:40:00,3,15.7,58
2024-05-01 23:40:00,4,26.6,42
2024-05-01 23:40:00,5,22.4,44
2024-05-01 23:50:00,1,18.1,58
2024-05-01 23:50:00,2,20.7,55
2024-05-01 23:50:00,3,24.1,40
2024-05-01 23:50:00,4,27.5,62
2024-05-01 23:50:00,5,27.3,53
2024-05-02 00:00:00,1,15.8,48
2024-05-02 00:00:00,2,22.0,62
2024-05-02 00:00:00,3,22.9,52
2024-05-02 00:00:00,4,29.6,61
2024-05-02 00:00:00,5,19.3,45
2024-05-02 00:10:00,1,23.0,48
2024-05-02 00:10:00,2,27.3,58
2024-05-02 00:10:00,3,18.6,51
2024-05-02 00:10:00,4,26.1,67
2024-05-02 00:10:00,5,24.5,46
2024-05-02 00:20:00,1,15.3,66
2024-05-02 00:20:00,2,20.5,68
2024-05-02 00:20:00,3,22.1,53
2024-05-02 00:20:00,4,27.1,43
2024-05-02 00:20:00,5,25.4,61
2024-05-02 00:30:00,1,15.5,51
2024-05-02 00:30:00,2,19.8,64
2024-05-02 00:30:00,3,18.1,42
2024-05-02 00:30:00,4,23.5,67
2024-05-02 00:30:00,5,28.8,70
2024-05-02 00:40:00,1,28.3,56
2024-05-02 00:40:00,2,15.6,68
2024-05-02 00:40:00,3,22.2,45
2024-05-02 00:40:00,4,29.9,40
2024-05-02 00:40:00,5,19.6,43
2024-05-02 00:50:00,1,16.7,46
2024-05-02 00:50:00,2,21.3,51
2024-05-02 00:50:00,3,29.8,68
2024-05-02 00:50:00,4,25.9,55
2024-05-02 00:50:00,5,25.1,49
2024-05-02 01:00:00,1,28.3,68
2024-05-02 01:00:00,2,25.1,51
2024-05-02 01:00:00,3,15.8,59
2024-05-02 01:00:00,4,20.9,61
2024-05-02 01:00:00,5,21.0,61
2024-05-02 01:10:00,1,18.7,47
2024-05-02 01:10:00,2,28.5,70
2024-05-02 01:10:00,3,15.6,53
2024-05-02 01:10:00,4,17.8,65
2024-05-02 01:10:00,5,16.8,68
2024-05-02 01:20:00,1,18.4,57
2024-05-02 01:20:00,2,24.7,40
2024-05-02 01:20:00,3,17.7,68
2024-05-02 01:20:00,4,28.4,43
2024-05-02 01:20:00,5,29.0,52
2024-05-02 01:30:00,1,19.8,42
2024-05-02 01:30:00,2,23.9,48
2024-05-02 01:30:00,3,25.2,50
2024-05-02 01:30:00,4,21.2,68
2024-05-02 01:30:00,5,26.6,63
2024-05-02 01:40:00,1,18.4,50
2024-05-02 01:40:00,2,27.3,63
2024-05-02 01:40:00,3,27.7,43
2024-05-02 01:40:00,4,20.0,47
2024-05-02 01:40:00,5,21.4,70
2024-05-02 01:50:00,1,25.0,70
2024-05-02 01:50:00,2,27.8,50
2024-05-02 01:50:00,3,15.2,63
2024-05-02 01:50:00,4,16.8,58
2024-05-02 01:50:00,5,19.7,54
2024-05-02 02:00:00,1,25.7,69
2024-05-02 02:00:00,2,25.7,52
2024-05-02 02:00:00,3,17.1,50
2024-05-02 02:00:00,4,20.2,47
2024-05-02 02:00:00,5,21.7,70
2024-05-02 02:10:00,1,23.8,54
2024-05-02 02:10:00,2,24.1,67
2024-05-02 02:10:00,3,20.6,50
2024-05-02 02:10:00,4,17.8,64
2024-05-02 02:10:00,5,17.2,46
2024-05-02 02:20:00,1,29.8,53
2024-05-02 02:20:00,2,19.2,41
2024-05-02 02:20:00,3,24.5,60
2024-05-02 02:20:00,4,27.8,60
2024-05-02 02:20:00,5,15.8,56
2024-05-02 02:30:00,1,16.7,44
2024-05-02 02:30:00,2,29.7,42
2024-05-02 02:30:00,3,16.5,60
2024-05-02 02:30:00,4,28.4,58
2024-05-02 02:30:00,5,24.5,59
2024-05-02 02:40:00,1,29.1,57
2024-05-02 02:40:00,2,16.7,66
2024-05-02 02:40:00,3,24.6,56
2024-05-02 02:40:00,4,22.5,62
2024-05-02 02:40:00,5,18.4,63
2024-05-02 02:50:00,1,18.0,57
2024-05-02 02:50:00,2,29.6,64
2024-05-02 02:50:00,3,16.0,65
2024-05-02 02:50:00,4,18.1,53
2024-05-02 02:50:00,5,22.7,68
2024-05-02 03:00:00,1,25.1,64
2024-05-02 03:00:00,2,17.5,66
2024-05-02 03:00:00,3,28.8,61
2024-05-02 03:00:00,4,16.5,57
2024-05-02 03:00:00,5,23.2,52
2024-05-02 03:10:00,1,18.6,67
2024-05-02 03:10:00,2,26.0,46
2024-05-02 03:10:00,3,20.6,57
2024-05-02 03:10:00,4,23.7,48
2024-05-02 03:10:00,5,25.9,42
2024-05-02 03:20:00,1,27.2,46
2024-05-02 03:20:00,2,22.2,41
2024-05-02 03:20:00,3,19.0,63
2024-05-02 03:20:00,4,16.2,59
2024-05-02 03:20:00,5,17.1,53
2024-05-02 03:30:00,1,29.9,45
2024-05-02 03:30:00,2,25.1,45
2024-05-02 03:30:00,3,19.1,53
2024-05-02 03:30:00,4,22.5,40
2024-05-02 03:30:00,5,20.1,56
2024-05-02 03:40:00,1,23.1,70
2024-05-02 03:40:00,2,16.9,49
2024-05-02 03:40:00,3,17.4,41
2024-05-02 03:40:00,4,24.4,41
2024-05-02 03:40:00,5,19.0,41
2024-05-02 03:50:00,1,22.1,63
2024-05-02 03:50:00,2,27.9,45
2024-05-02 03:50:00,3,27.8,60
2024-05-02 03:50:00,4,19.5,49
2024-05-02 03:50:00,5,17.9,69
2024-05-02 04:00:00,1,22.6,43
2024-05-02 04:00:00,2,26.5,42
2024-05-02 04:00:00,3,28.5,66
2024-05-02 04:00:00,4,17.3,44
2024-05-02 04:00:00,5,20.1,54
2024-05-02 04:10:00,1,28.9,44
2024-05-02 04:10:00,2,24.1,57
2024-05-02 04:10:00,3,18.3,60
2024-05-02 04:10:00,4,25.3,65
2024-05-02 04:10:00,5,28.7,45
2024-05-02 04:20:00,1,22.2,53
2024-05-02 04:20:00,2,17.8,68
2024-05-02 04:20:00,3,18.9,57
2024-05-02 04:20:00,4,23.5,52
2024-05-02 04:20:00,5,17.4,63
2024-05-02 04:30:00,1,23.2,57
2024-05-02 04:30:00,2,22.0,55
2024-05-02 04:30:00,3,19.8,61
2024-05-02 04:30:00,4,25.8,56
2024-05-02 04:30:00,5,29.3,50
2024-05-02 04:40:00,1,17.5,65
2024-05-02 04:40:00,2,23.8,56
2024-05-02 04:40:00,3,25.1,65
2024-05-02 04:40:00,4,26.7,60
2024-05-02 04:40:00,5,16.5,64
2024-05-02 04:50:00,1,17.5,69
2024-05-02 04:50:00,2,20.1,63
2024-05-02 04:50:00,3,16.1,40
2024-05-02 04:50:00,4,27.9,49
2024-05-02 04:50:00,5,25.9,48
2024-05-02 05:00:00,1,21.8,64
2024-05-02 05:00:00,2,23.9,46
2024-05-02 05:00:00,3,27.7,45
2024-05-02 05:00:00,4,22.4,43
2024-05-02 05:00:00,5,27.9,65
2024-05-02 05:10:00,1,28.9,68
2024-05-02 05:10:00,2,26.1,45
2024-05-02 05:10:00,3,23.8,69
2024-05-02 05:10:00,4,17.7,40
2024-05-02 05:10:00,5,29.8,44
2024-05-02 05:20:00,1,20.9,47
2024-05-02 05:20:00,2,27.1,70
2024-05-02 05:20:00,3,19.2,42
2024-05-02 05:20:00,4,20.2,68
2024-05-02 05:20:00,5,22.0,56
2024-05-02 05:30:00,1,15.1,58
2024-05-02 05:30:00,2,21.9,64
2024-05-02 05:30:00,3,16.5,40
2024-05-02 05:30:00,4,18.7,58
2024-05-02 05:30:00,5,28.4,69
2024-05-02 05:40:00,1,26.6,51
2024-05-02 05:40:00,2,15.7,61
2024-05-02 05:40:00,3,15.9,66
2024-05-02 05:40:00,4,18.3,61
2024-05-02 05:40:00,5,15.4,57
2024-05-02 05:50:00,1,19.1,69
2024-05-02 05:50:00,2,27.6,47
2024-05-02 05:50:00,3,27.9,50
2024-05-02 05:50:00,4,23.5,66
2024-05-02 05:50:00,5,19.7,67
2024-05-02 06:00:00,1,22.7,47
2024-05-02 06:00:00,2,29.0,67
2024-05-02 06:00:00,3,22.0,46
2024-05-02 06:00:00,4,23.9,50
2024-05-02 06:00:00,5,23.3,62
2024-05-02 06:10:00,1,22.6,51
2024-05-02 06:10:00,2,17.9,54
2024-05-02 06:10:00,3,26.7,47
2024-05-02 06:10:00,4,27.3,49
2024-05-02 06:10:00,5,29.3,44
2024-05-02 06:20:00,1,27.6,50
2024-05-02 06:20:00,2,18.9,67
2024-05-02 06:20:00,3,15.5,63
2024-05-02 06:20:00,4,16.1,68
2024-05-02 06:20:00,5,27.4,57
2024-05-02 06:30:00,1,29.6,66
2024-05-02 06:30:00,2,25.4,62
2024-05-02 06:30:00,3,15.2,55
2024-05-02 06:30:00,4,28.7,40
2024-05-02 06:30:00,5,21.5,45
2024-05-02 06:40:00,1,17.5,53
2024-05-02 06:40:00,2,21.8,44
2024-05-02 06:40:00,3,26.3,51
2024-05-02 06:40:00,4,24.3,70
2024-05-02 06:40:00,5,20.9,63
2024-05-02 06:50:00,1,22.6,58
2024-05-02 06:50:00,2,20.0,68
2024-05-02 06:50:00,3,22.2,52
2024-05-02 06:50:00,4,19.4,66
2024-05-02 06:50:00,5,23.4,69
2024-05-02 07:00:00,1,20.2,53
2024-05-02 07:00:00,2,20.9,70
2024-05-02 07:00:00,3,22.8,69
2024-05-02 07:00:00,4,16.1,43
2024-05-02 07:00:00,5,29.3,66
2024-05-02 07:10:00,1,28.7,52
2024-05-02 07:10:00,2,19.9,48
2024-05-02 07:10:00,3,17.5,68
2024-05-02 07:10:00,4,17.5,51
2024-05-02 07:10:00,5,25.3,62
2024-05-02 07:20:00,1,28.2,65
2024-05-02 07:20:00,2,18.2,54
2024-05-02 07:20:00,3,28.6,46
2024-05-02 07:20:00,4,20.4,55
2024-05-02 07:20:00,5,18.6,43
2024-05-02 07:30:00,1,27.5,48
2024-05-02 07:30:00,2,15.6,58
2024-05-02 07:30:00,3,29.3,40
2024-05-02 07:30:00,4,15.7,59
2024-05-02 07:30:00,5,22.8,44
2024-05-02 07:40:00,1,19.8,54
2024-05-02 07:40:00,2,27.7,43
2024-05-02 07:40:00,3,28.4,43
2024-05-02 07:40:00,4,19.2,40
2024-05-02 07:40:00,5,24.1,47
2024-05-02 07:50:00,1,20.5,67
2024-05-02 07:50:00,2,18.8,40
2024-05-02 07:50:00,3,29.6,63
2024-05-02 07:50:00,4,26.0,62
2024-05-02 07:50:00,5,27.8,62
2024-05-02 08:00:00,1,19.0,57
2024-05-02 08:00:00,2,19.6,54
2024-05-02 08:00:00,3,19.0,45
2024-05-02 08:00:00,4,16.9,68
2024-05-02 08:00:00,5,16.8,63
2024-05-02 08:10:00,1,28.8,44
2024-05-02 08:10:00,2,29.1,46
2024-05-02 08:10:00,3,19.4,53
2024-05-02 08:10:00,4,23.1,57
2024-05-02 08:10:00,5,25.5,65
2024-05-02 08:20:00,1,24.2,48
2024-05-02 08:20:00,2,15.8,50
2024-05-02 08:20:00,3,16.8,59
2024-05-02 08:20:00,4,29.6,43
2024-05-02 08:20:00,5,22.5,61
2024-05-02 08:30:00,1,29.3,44
2024-05-02 08:30:00,2,16.0,60
2024-05-02 08:30:00,3,17.8,69
2024-05-02 08:30:00,4,23.3,48
2024-05-02 08:30:00,5,27.1,56
2024-05-02 08:40:00,1,29.3,55
2024-05-02 08:40:00,2,20.1,63
2024-05-02 08:40:00,3,28.2,53
2024-05-02 08:40:00,4,26.5,59
2024-05-02 08:40:00,5,26.1,67
2024-05-02 08:50:00,1,25.3,53
2024-05-02 08:50:00,2,18.6,55
2024-05-02 08:50:00,3,28.4,56
2024-05-02 08:50:00,4,15.3,53
2024-05-02 08:50:00,5,18.1,46
2024-05-02 09:00:00,1,16.5,40
2024-05-02 09:00:00,2,27.3,56
2024-05-02 09:00:00,3,25.9,41
2024-05-02 09:00:00,4,21.9,45
2024-05-02 09:00:00,5,25.2,50
2024-05-02 09:10:00,1,21.8,48
2024-05-02 09:10:00,2,27.5,50
2024-05-02 09:10:00,3,15.6,68
2024-05-02 09:10:00,4,22.5,41
2024-05-02 09:10:00,5,17.6,45
2024-05-02 09:20:00,1,18.8,42
2024-05-02 09:20:00,2,26.9,42
2024-05-02 09:20:00,3,22.0,69
2024-05-02 09:20:00,4,28.5,64
2024-05-02 09:20:00,5,15.6,42
2024-05-02 09:30:00,1,16.6,47
2024-05-02 09:30:00,2,15.2,46
2024-05-02 09:30:00,3,23.3,53
2024-05-02 09:30:00,4,20.4,45
2024-05-02 09:30:00,5,18.4,42
2024-05-02 09:40:00,1,28.7,65
2024-05-02 09:40:00,2,19.7,57
2024-05-02 09:40:00,3,24.6,43
2024-05-02 09:40:00,4,18.3,51
2024-05-02 09:40:00,5,19.6,40
2024-05-02 09:50:00,1,24.9,66
2024-05-02 09:50:00,2,18.2,44
2024-05-02 09:50:00,3,28.5,68
2024-05-02 09:50:00,4,23.1,48
2024-05-02 09:50:00,5,22.9,56
2024-05-02 10:00:00,1,27.9,68
2024-05-02 10:00:00,2,28.5,60
2024-05-02 10:00:00,3,26.6,51
2024-05-02 10:00:00,4,20.7,45
2024-05-02 10:00:00,5,28.5,52
2024-05-02 10:10:00,1,15.9,65
2024-05-02 10:10:00,2,21.6,43
2024-05-02 10:10:00,3,27.1,60
2024-05-02 10:10:00,4,25.7,54
2024-05-02 10:10:00,5,25.8,60
2024-05-02 10:20:00,1,27.8,61
2024-05-02 10:20:00,2,17.5,53
2024-05-02 10:20:00,3,25.3,56
2024-05-02 10:20:00,4,17.6,44
2024-05-02 10:20:00,5,22.8,56
2024-05-02 10:30:00,1,16.7,48
2024-05-02 10:30:00,2,24.8,45
2024-05-02 10:30:00,3,15.3,68
2024-05-02 10:30:00,4,21.0,49
2024-05-02 10:30:00,5,15.5,54
2024-05-02 10:40:00,1,18.5,66
2024-05-02 10:40:00,2,27.6,70
2024-05-02 10:40:00,3,28.2,69
2024-05-02 10:40:00,4,24.2,70
2024-05-02 10:40:00,5,15.1,49
2024-05-02 10:50:00,1,21.5,47
2024-05-02 10:50:00,2,21.4,60
2024-05-02 10:50:00,3,23.3,68
2024-05-02 10:50:00,4,27.0,45
2024-05-02 10:50:00,5,24.3,64
2024-05-02 11:00:00,1,18.1,59
2024-05-02 11:00:00,2,26.0,70
2024-05-02 11:00:00,3,15.2,52
2024-05-02 11:00:00,4,15.6,50
2024-05-02 11:00:00,5,18.6,55
2024-05-02 11:10:00,1,22.5,42
2024-05-02 11:10:00,2,27.4,45
2024-05-02 11:10:00,3,22.6,52
2024-05-02 11:10:00,4,19.1,67
2024-05-02 11:10:00,5,25.4,45
2024-05-02 11:20:00,1,23.1,61
2024-05-02 11:20:00,2,18.4,46
2024-05-02 11:20:00,3,29.5,52
2024-05-02 11:20:00,4,29.7,51
2024-05-02 11:20:00,5,16.2,48
2024-05-02 11:30:00,1,27.8,61
2024-05-02 11:30:00,2,16.2,40
2024-05-02 11:30:00,3,28.3,46
2024-05-02 11:30:00,4,26.1,66
2024-05-02 11:30:00,5,26.3,65
2024-05-02 11:40:00,1,27.1,51
2024-05-02 11:40:00,2,23.5,59
2024-05-02 11:40:00,3,19.9,66
2024-05-02 11:40:00,4,17.1,48
2024-05-02 11:40:00,5,25.9,50
2024-05-02 11:50:00,1,19.0,48
2024-05-02 11:50:00,2,27.1,44
2024-05-02 11:50:00,3,15.7,68
2024-05-02 11:50:00,4,19.0,40
2024-05-02 11:50:00,5,23.0,43
2024-05-02 12:00:00,1,19.0,70
2024-05-02 12:00:00,2,21.0,65
2024-05-02 12:00:00,3,15.5,43
2024-05-02 12:00:00,4,17.4,42
2024-05-02 12:00:00,5,27.5,42
2024-05-02 12:10:00,1,27.6,43
2024-05-02 12:10:00,2,28.9,68
2024-05-02 12:10:00,3,26.3,68
2024-05-02 12:10:00,4,19.5,49
2024-05-02 12:10:00,5,20.9,63
2024-05-02 12:20:00,1,18.4,46
2024-05-02 12:20:00,2,19.9,70
2024-05-02 12:20:00,3,15.3,44
2024-05-02 12:20:00,4,19.2,66
2024-05-02 12:20:00,5,24.6,48
2024-05-02 12:30:00,1,28.4,60
2024-05-02 12:30:00,2,20.1,54
2024-05-02 12:30:00,3,25.4,59
2024-05-02 12:30:00,4,21.0,63
2024-05-02 12:30:00,5,19.2,50
2024-05-02 12:40:00,1,17.3,69
2024-05-02 12:40:00,2,23.3,47
2024-05-02 12:40:00,3,28.6,61
2024-05-02 12:40:00,4,16.0,50
2024-05-02 12:40:00,5,17.9,45
2024-05-02 12:50:00,1,28.5,64
2024-05-02 12:50:00,2,16.8,65
2024-05-02 12:50:00,3,28.7,53
2024-05-02 12:50:00,4,22.0,42
2024-05-02 12:50:00,5,28.8,44
2024-05-02 13:00:00,1,16.9,57
2024-05-02 13:00:00,2,25.8,43
2024-05-02 13:00:00,3,21.5,58
2024-05-02 13:00:00,4,15.5,65
2024-05-02 13:00:00,5,16.9,58
2024-05-02 13:10:00,1,15.9,66
2024-05-02 13:10:00,2,23.0,42
2024-05-02 13:10:00,3,23.9,44
2024-05-02 13:10:00,4,23.5,49
2024-05-02 13:10:00,5,18.4,55
2024-05-02 13:20:00,1,18.3,68
2024-05-02 13:20:00,2,25.9,43
2024-05-02 13:20:00,3,18.5,58
2024-05-02 13:20:00,4,29.2,67
2024-05-02 13:20:00,5,26.7,46
2024-05-02 13:30:00,1,29.2,70
2024-05-02 13:30:00,2,21.0,47
2024-05-02 13:30:00,3,19.6,53
2024-05-02 13:30:00,4,18.3,49
2024-05-02 13:30:00,5,16.6,57
2024-05-02 13:40:00,1,16.4,61
2024-05-02 13:40:00,2,20.5,54
2024-05-02 13:40:00,3,22.1,68
2024-05-02 13:40:00,4,22.4,65
2024-05-02 13:40:00,5,27.0,56
2024-05-02 13:50:00,1,24.4,70
2024-05-02 13:50:00,2,15.4,43
2024-05-02 13:50:00,3,20.7,70
2024-05-02 13:50:00,4,26.0,49
2024-05-02 13:50:00,5,26.3,48
2024-05-02 14:00:00,1,18.9,60
2024-05-02 14:00:00,2,26.4,65
2024-05-02 14:00:00,3,15.2,46
2024-05-02 14:00:00,4,28.4,48
2024-05-02 14:00:00,5,23.9,53
2024-05-02 14:10:00,1,22.2,57
2024-05-02 14:10:00,2,22.7,52
2024-05-02 14:10:00,3,27.2,66
2024-05-02 14:10:00,4,23.8,68
2024-05-02 14:10:00,5,25.8,41
2024-05-02 14:20:00,1,27.6,53
2024-05-02 14:20:00,2,17.5,58
2024-05-02 14:20:00,3,22.0,43
2024-05-02 14:20:00,4,19.1,51
2024-05-02 14:20:00,5,28.0,59
2024-05-02 14:30:00,1,24.6,70
2024-05-02 14:30:00,2,24.1,59
2024-05-02 14:30:00,3,18.7,42
2024-05-02 14:30:00,4,20.5,70
2024-05-02 14:30:00,5,16.3,56
2024-05-02 14:40:00,1,19.6,52
2024-05-02 14:40:00,2,21.4,47
2024-05-02 14:40:00,3,23.2,68
2024-05-02 14:40:00,4,22.0,49
2024-05-02 14:40:00,5,29.2,68
2024-05-02 14:50:00,1,22.0,58
2024-05-02 14:50:00,2,21.8,64
2024-05-02 14:50:00,3,17.3,62
2024-05-02 14:50:00,4,27.8,42
2024-05-02 14:50:00,5,18.7,63
2024-05-02 15:00:00,1,29.9,54
2024-05-02 15:00:00,2,17.4,68
2024-05-02 15:00:00,3,19.4,47
2024-05-02 15:00:00,4,18.9,63
2024-05-02 15:00:00,5,21.8,54
2024-05-02 15:10:00,1,24.4,59
2024-05-02 15:10:00,2,28.1,66
2024-05-02 15:10:00,3,23.0,51
2024-05-02 15:10:00,4,19.8,70
2024-05-02 15:10:00,5,21.7,48
2024-05-02 15:20:00,1,26.2,51
2024-05-02 15:20:00,2,28.9,40
2024-05-02 15:20:00,3,22.9,58
2024-05-02 15:20:00,4,17.4,53
2024-05-02 15:20:00,5,28.9,62
2024-05-02 15:30:00,1,28.1,45
2024-05-02 15:30:00,2,19.7,68
2024-05-02 15:30:00,3,16.8,64
2024-05-02 15:30:00,4,25.1,66
2024-05-02 15:30:00,5,22.5,69
2024-05-02 15:40:00,1,25.3,57
2024-05-02 15:40:00,2,23.0,53
2024-05-02 15:40:00,3,25.2,62
2024-05-02 15:40:00,4,26.1,67
2024-05-02 15:40:00,5,29.3,40
2024-05-02 15:50:00,1,27.4,48
2024-05-02 15:50:00,2,18.1,65
2024-05-02 15:50:00,3,23.1,40
2024-05-02 15:50:00,4,23.6,45
2024-05-02 15:50:00,5,15.1,62
2024-05-02 16:00:00,1,16.4,48
2024-05-02 16:00:00,2,20.2,45
2024-05-02 16:00:00,3,22.8,51
2024-05-02 16:00:00,4,20.3,56
2024-05-02 16:00:00,5,20.1,42
2024-05-02 16:10:00,1,25.9,61
2024-05-02 16:10:00,2,28.1,70
2024-05-02 16:10:00,3,22.8,57
2024-05-02 16:10:00,4,16.1,53
2024-05-02 16:10:00,5,27.8,47
2024-05-02 16:20:00,1,21.7,53
2024-05-02 16:20:00,2,20.2,47
2024-05-02 16:20:00,3,22.8,59
2024-05-02 16:20:00,4,27.7,56
2024-05-02 16:20:00,5,22.9,64
2024-05-02 16:30:00,1,24.0,51
2024-05-02 16:30:00,2,16.5,47
2024-05-02 16:30:00,3,28.9,57
2024-05-02 16:30:00,4,17.8,61
2024-05-02 16:30:00,5,26.6,68
2024-05-02 16:40:00,1,20.2,67
2024-05-02 16:40:00,2,20.6,50
2024-05-02 16:40:00,3,28.1,50
2024-05-02 16:40:00,4,20.0,59
2024-05-02 16:40:00,5,28.2,58
2024-05-02 16:50:00,1,24.6,69
2024-05-02 16:50:00,2,17.4,53
2024-05-02 16:50:00,3,24.0,49
2024-05-02 16:50:00,4,19.3,61
2024-05-02 16:50:00,5,25.5,64
2024-05-02 17:00:00,1,17.0,44
2024-05-02 17:00:00,2,19.1,41
2024-05-02 17:00:00,3,15.5,61
2024-05-02 17:00:00,4,24.8,45
2024-05-02 17:00:00,5,22.5,53
2024-05-02 17:10:00,1,20.4,66
2024-05-02 17:10:00,2,25.9,63
2024-05-02 17:10:00,3,21.7,50
2024-05-02 17:10:00,4,21.0,43
2024-05-02 17:10:00,5,22.8,70
2024-05-02 17:20:00,1,19.4,56
2024-05-02 17:20:00,2,19.9,60
2024-05-02 17:20:00,3,16.7,69
2024-05-02 17:20:00,4,22.2,47
2024-05-02 17:20:00,5,20.5,70
2024-05-02 17:30:00,1,16.2,65
2024-05-02 17:30:00,2,23.7,41
2024-05-02 17:30:00,3,20.5,46
2024-05-02 17:30:00,4,29.9,59
2024-05-02 17:30:00,5,15.9,64
2024-05-02 17:40:00,1,29.4,69
2024-05-02 17:40:00,2,17.8,64
2024-05-02 17:40:00,3,26.5,50
2024-05-02 17:40:00,4,20.5,67
2024-05-02 17:40:00,5,15.0,46
2024-05-02 17:50:00,1,15.6,45
2024-05-02 17:50:00,2,22.0,49
2024-05-02 17:50:00,3,30.0,51
2024-05-02 17:50:00,4,29.8,56
2024-05-02 17:50:00,5,22.0,57
2024-05-02 18:00:00,1,17.3,65
2024-05-02 18:00:00,2,29.2,43
2024-05-02 18:00:00,3,29.4,61
2024-05-02 18:00:00,4,29.8,68
2024-05-02 18:00:00,5,27.7,51
2024-05-02 18:10:00,1,24.6,63
2024-05-02 18:10:00,2,27.3,69
2024-05-02 18:10:00,3,16.3,64
2024-05-02 18:10:00,4,18.6,68
2024-05-02 18:10:00,5,29.6,70
2024-05-02 18:20:00,1,26.2,53
2024-05-02 18:20:00,2,16.5,41
2024-05-02 18:20:00,3,15.2,55
2024-05-02 18:20:00,4,21.6,51
2024-05-02 18:20:00,5,23.5,66
2024-05-02 18:30:00,1,28.2,63
2024-05-02 18:30:00,2,16.7,45
2024-05-02 18:30:00,3,22.1,53
2024-05-02 18:30:00,4,16.6,69
2024-05-02 18:30:00,5,25.4,60
2024-05-02 18:40:00,1,27.8,40
2024-05-02 18:40:00,2,22.6,52
2024-05-02 18:40:00,3,24.5,44
2024-05-02 18:40:00,4,19.6,60
2024-05-02 18:40:00,5,27.8,43
2024-05-02 18:50:00,1,22.1,60
2024-05-02 18:50:00,2,22.3,42
2024-05-02 18:50:00,3,18.5,56
2024-05-02 18:50:00,4,19.5,67
2024-05-02 18:50:00,5,17.9,56
2024-05-02 19:00:00,1,23.7,50
2024-05-02 19:00:00,2,20.8,66
2024-05-02 19:00:00,3,21.1,48
2024-05-02 19:00:00,4,23.0,47
2024-05-02 19:00:00,5,20.4,42
2024-05-02 19:10:00,1,29.9,58
2024-05-02 19:10:00,2,15.3,40
2024-05-02 19:10:00,3,22.8,57
2024-05-02 19:10:00,4,26.1,53
2024-05-02 19:10:00,5,25.7,51
2024-05-02 19:20:00,1,26.1,58
2024-05-02 19:20:00,2,23.1,65
2024-05-02 19:20:00,3,29.4,44
2024-05-02 19:20:00,4,19.2,57
2024-05-02 19:20:00,5,28.3,51
2024-05-02 19:30:00,1,23.3,44
2024-05-02 19:30:00,2,17.5,58
2024-05-02 19:30:00,3,20.5,45
2024-05-02 19:30:00,4,19.1,45
2024-05-02 19:30:00,5,21.1,44
2024-05-02 19:40:00,1,23.1,50
2024-05-02 19:40:00,2,21.2,50
2024-05-02 19:40:00,3,25.6,64
2024-05-02 19:40:00,4,19.4,41
2024-05-02 19:40:00,5,26.3,53
2024-05-02 19:50:00,1,18.7,67
2024-05-02 19:50:00,2,22.8,63
2024-05-02 19:50:00,3,25.9,63
2024-05-02 19:50:00,4,17.6,69
2024-05-02 19:50:00,5,25.3,47
2024-05-02 20:00:00,1,15.1,57
2024-05-02 20:00:00,2,23.5,65
2024-05-02 20:00:00,3,19.1,70
2024-05-02 20:00:00,4,28.0,68
2024-05-02 20:00:00,5,18.4,54
2024-05-02 20:10:00,1,18.6,54
2024-05-02 20:10:00,2,17.5,49
2024-05-02 20:10:00,3,23.1,57
2024-05-02 20:10:00,4,24.9,52
2024-05-02 20:10:00,5,15.5,46
2024-05-02 20:20:00,1,28.0,59
2024-05-02 20:20:00,2,23.3,68
2024-05-02 20:20:00,3,20.8,40
2024-05-02 20:20:00,4,23.2,60
2024-05-02 20:20:00,5,26.0,41
2024-05-02 20:30:00,1,20.4,42
2024-05-02 20:30:00,2,16.2,65
2024-05-02 20:30:00,3,19.9,67
2024-05-02 20:30:00,4,19.2,58
2024-05-02 20:30:00,5,21.0,42
2024-05-02 20:40:00,1,29.4,59
2024-05-02 20:40:00,2,17.1,50
2024-05-02 20:40:00,3,20.2,65
2024-05-02 20:40:00,4,24.9,63
2024-05-02 20:40:00,5,24.3,44
2024-05-02 20:50:00,1,17.4,63
2024-05-02 20:50:00,2,15.5,42
2024-05-02 20:50:00,3,22.1,69
2024-05-02 20:50:00,4,26.8,60
2024-05-02 20:50:00,5,29.8,51
2024-05-02 21:00:00,1,27.9,64
2024-05-02 21:00:00,2,29.4,61
2024-05-02 21:00:00,3,23.6,70
2024-05-02 21:00:00,4,27.7,42
2024-05-02 21:00:00,5,29.9,65
2024-05-02 21:10:00,1,21.2,68
2024-05-02 21:10:00,2,22.1,50
2024-05-02 21:10:00,3,24.3,59
2024-05-02 21:10:00,4,23.7,46
2024-05-02 21:10:00,5,19.9,54
2024-05-02 21:20:00,1,23.2,50
2024-05-02 21:20:00,2,25.9,67
2024-05-02 21:20:00,3,27.1,62
2024-05-02 21:20:00,4,15.7,58
2024-05-02 21:20:00,5,15.7,66
2024-05-02 21:30:00,1,22.4,53
2024-05-02 21:30:00,2,22.8,46
2024-05-02 21:30:00,3,28.0,61
2024-05-02 21:30:00,4,16.1,41
2024-05-02 21:30:00,5,26.6,67
2024-05-02 21:40:00,1,17.9,64
2024-05-02 21:40:00,2,15.5,54
2024-05-02 21:40:00,3,17.9,43
2024-05-02 21:40:00,4,18.7,40
2024-05-02 21:40:00,5,23.2,50
2024-05-02 21:50:00,1,19.0,49
2024-05-02 21:50:00,2,26.4,49
2024-05-02 21:50:00,3,19.4,62
2024-05-02 21:50:00,4,17.3,63
2024-05-02 21:50:00,5,21.4,40
2024-05-02 22:00:00,1,24.1,40
2024-05-02 22:00:00,2,23.5,54
2024-05-02 22:00:00,3,28.9,52
2024-05-02 22:00:00,4,16.5,43
2024-05-02 22:00:00,5,19.9,59
2024-05-02 22:10:00,1,19.8,59
2024-05-02 22:10:00,2,25.5,64
2024-05-02 22:10:00,3,17.6,40
2024-05-02 22:10:00,4,20.2,50
2024-05-02 22:10:00,5,27.9,42
2024-05-02 22:20:00,1,17.7,58
2024-05-02 22:20:00,2,26.8,64
2024-05-02 22:20:00,3,19.3,43
2024-05-02 22:20:00,4,21.2,43
2024-05-02 22:20:00,5,19.5,45
2024-05-02 22:30:00,1,15.7,53
2024-05-02 22:30:00,2,28.3,61
2024-05-02 22:30:00,3,18.8,59
2024-05-02 22:30:00,4,27.1,56
2024-05-02 22:30:00,5,26.6,55
2024-05-02 22:40:00,1,27.6,47
2024-05-02 22:40:00,2,22.9,64
2024-05-02 22:40:00,3,21.9,51
2024-05-02 22:40:00,4,20.1,46
2024-05-02 22:40:00,5,21.4,43
2024-05-02 22:50:00,1,22.2,54
2024-05-02 22:50:00,2,25.6,60
2024-05-02 22:50:00,3,20.8,44
2024-05-02 22:50:00,4,21.6,59
2024-05-02 22:50:00,5,16.6,68
2024-05-02 23:00:00,1,15.7,54
2024-05-02 23:00:00,2,28.1,67
2024-05-02 23:00:00,3,24.3,67
2024-05-02 23:00:00,4,16.1,69
2024-05-02 23:00:00,5,27.1,44
2024-05-02 23:10:00,1,22.2,57
2024-05-02 23:10:00,2,19.3,46
2024-05-02 23:10:00,3,28.9,64
2024-05-02 23:10:00,4,27.8,62
2024-05-02 23:10:00,5,29.6,44
2024-05-02 23:20:00,1,26.3,49
2024-05-02 23:20:00,2,29.4,56
2024-05-02 23:20:00,3,27.2,51
2024-05-02 23:20:00,4,27.2,41
2024-05-02 23:20:00,5,15.0,41
2024-05-02 23:30:00,1,19.8,62
2024-05-02 23:30:00,2,16.4,54
2024-05-02 23:30:00,3,18.5,41
2024-05-02 23:30:00,4,20.5,67
2024-05-02 23:30:00,5,16.5,48
2024-05-02 23:40:00,1,27.7,68
2024-05-02 23:40:00,2,16.5,48
2024-05-02 23:40:00,3,18.5,42
2024-05-02 23:40:00,4,28.3,60
2024-05-02 23:40:00,5,16.1,52
2024-05-02 23:50:00,1,25.9,45
2024-05-02 23:50:00,2,15.2,55
2024-05-02 23:50:00,3,26.5,57
2024-05-02 23:50:00,4,20.0,40
2024-05-02 23:50:00,5,21.6,59
